DATASET,SERIES_CODE,OBS_MEASURE,SCALE,DECIMALS_DISPLAYED,OVERLAP,COMMON_REFERENCE_PERIOD,IFS_FLAG,2011,2012,2013,2014,2015,2016,2017,2018,2019,2020,2021,2022,2023,2024
IMF.STA:CPI(4.0.0),NLD.CPI._T.SRP_2010_IX.A,OBS_VALUE,,,OL,,,102.3410701775137,104.8541039242268,107.4826899105607,108.5317586686926,109.1832185393105,109.5289653980184,111.0420628349423,112.9336620961358,115.9079949411776,117.3828782516127,120.5237155049269,132.5775428316668,137.6663906757531,142.2748323582665
IMF.STA:CPI(4.0.0),SWE.CPI._T.SRP_2010_IX.A,OBS_VALUE,,,OL,,,102.9611507382214,103.8758344422495,103.8298247499084,103.6433064162858,103.5948171596867,104.6144690839663,106.4917747343422,108.5721291467268,110.5092198464323,111.0588565902685,113.4612788490414,122.9571834354088,133.4683318318194,137.2532489179457
IMF.STA:CPI(4.0.0),ITA.CPI._T.SRP_2010_IX.A,OBS_VALUE,,,OL,,,102.7806327287932,105.9065652052795,107.198618335037,107.4570178493434,107.4987008560277,107.397634171255,108.7149017743568,109.9515203405339,110.6235956482389,110.4712585784925,112.5412505262237,121.7710847520387,128.6172918865268,129.8807934650122
IMF.STA:CPI(4.0.0),ROU.CPI._T.SRP_2010_IX.A,OBS_VALUE,,,OL,,,105.7892532881588,109.3172430858252,113.6732207777376,114.8876030226317,114.2049909333888,112.4407560386014,113.9463616118164,119.2169328282924,123.780383348878,127.037135732912,133.4554694786531,151.8663037478349,167.6561280621276,177.2484154024783
IMF.STA:CPI(4.0.0),AUT.CPI._T.SRP_2010_IX.A,OBS_VALUE,,,OL,,,103.2865791487538,105.8539484672147,107.9711927476181,109.7050069332599,110.6885818023683,111.6754720688494,113.9997391767711,116.2778869528291,118.057980056249,119.6894358363636,123.0008435611697,133.5135656754636,143.9464948325332,148.1755215654181
IMF.STA:CPI(4.0.0),DEU.CPI._T.SRP_2010_IX.A,OBS_VALUE,,,OL,,,102.0751728373587,104.1253413001998,105.6921395745711,106.6505495551639,107.1991878574636,107.7263366568302,109.3524601619397,111.2466293563487,112.8548771211913,113.0183789263444,116.4842758800857,124.4897443873684,131.8924482070439,134.8685988521043
IMF.STA:CPI(4.0.0),LUX.CPI._T.SRP_2010_IX.A,OBS_VALUE,,,OL,,,103.4106834106834,106.1643461643462,108.005278005278,108.6841386841387,109.2001092001092,109.5176995176995,111.4132314132313,113.1158431158431,115.0878150878151,116.0314860314861,118.963508963509,126.5010465010465,131.2339612339612,133.9257439257439
IMF.STA:CPI(4.0.0),DNK.CPI._T.SRP_2010_IX.A,OBS_VALUE,,,OL,,,102.7586822605125,105.2227479689314,106.0530309793769,106.6511918578699,107.1332916703866,107.4011248995626,108.633157753772,109.5170074100527,110.3472904204982,110.8115346844033,112.8649227747523,121.5516471743595,125.569145611999,127.2922060530309
IMF.STA:CPI(4.0.0),USA.CPI._T.SRP_2010_IX.A,OBS_VALUE,,,OL,,,103.156841568622,105.2915045328674,106.833848874866,108.5669321189636,108.6957219606935,110.0670089342698,112.4115573023076,115.1573032247906,117.2441954762282,118.6905015771978,124.2664138258379,134.2112061684602,139.7357935632595,143.8573360146079
IMF.STA:CPI(4.0.0),CHE.CPI._T.SRP_2010_IX.A,OBS_VALUE,,,OL,,,100.2313492076509,99.53719497593919,99.32087760330382,99.30776472594992,98.17177459300054,97.74510173755874,98.26685320465928,99.18696060068292,99.54689637300594,98.82431040534284,99.39928424519352,102.2172817718704,104.4000305065064,105.509114228825
IMF.STA:CPI(4.0.0),ISL.CPI._T.SRP_2010_IX.A,OBS_VALUE,,,OL,,,104.0010266434312,109.394415767139,113.6304730158552,115.9537785019389,117.8473681540882,119.8471526937115,121.9569606560671,125.2289655187604,129.0033312143589,132.6772480644034,138.5737429982665,150.0874959584984,163.1995943696045,172.7579310439988
IMF.STA:CPI(4.0.0),GRC.CPI._T.SRP_2010_IX.A,OBS_VALUE,,,OL,,,103.3298532335065,104.8813788393728,103.9151387329221,102.5515009315863,100.7713216842263,99.93929925766332,101.0598731681602,101.6921253751093,101.9494141016288,100.6771021783917,101.909213734394,111.7386221722644,115.6101433892801,118.7795844386456
IMF.STA:CPI(4.0.0),NOR.CPI._T.SRP_2010_IX.A,OBS_VALUE,,,OL,,,101.2849515880915,101.9907700660574,104.1534702741833,106.2799746629264,108.5874581485838,112.4423129128585,114.5507193919102,117.7178535879105,120.2696588544022,121.8170301330196,126.0609899556601,133.3273006967695,140.6841009863361,145.1090399058908
IMF.STA:CPI(4.0.0),SMR.CPI._T.SRP_2010_IX.A,OBS_VALUE,,,OL,,,102.8997958430012,105.8091149480549,107.5067089613078,108.703218890836,108.8615843419247,109.5627349617816,110.6738469572942,111.9613548015218,112.4905423476661,112.3405149505633,114.155391827031,120.2346838090261,127.3668953415972,128.9490024383174
IMF.STA:CPI(4.0.0),MLT.CPI._T.SRP_2010_IX.A,OBS_VALUE,,,OL,,,102.9629852819288,105.4092010735721,106.6533293917082,106.9842815756079,108.1616952290157,108.8568534419835,110.3420468003468,111.6196130859748,113.4524741243592,114.1769191762187,115.8871663191789,123.0185800239511,129.2851066197896,131.4193382984901
IMF.STA:CPI(4.0.0),AUS.CPI._T.SRP_2010_IX.A,OBS_VALUE,,,OL,,,103.3038501560874,105.1248699271592,107.7003121748179,110.3798126951093,112.0447450572321,113.4755463059313,115.6867845993757,117.89802289282,119.7970863683663,120.8116545265349,124.2715920915713,132.4661810613944,139.8803329864724,144.3028095733611
IMF.STA:CPI(4.0.0),PRT.CPI._T.SRP_2010_IX.A,OBS_VALUE,,,OL,,,103.6530110043072,106.5276599068948,106.8199895602893,106.522866162199,107.0426323694947,107.6928061871265,109.1667051349882,110.2515118050402,110.6243586147142,110.6105987919763,112.0105497892527,120.7839903130848,125.9913286484835,129.035445303373
IMF.STA:CPI(4.0.0),ESP.CPI._T.SRP_2010_IX.A,OBS_VALUE,,,OL,,,103.1961018883379,105.7204104495694,107.2095681613673,107.0475585966266,106.5119293201205,106.2961382811023,108.3753718855918,110.1906391728675,110.9614436239972,110.6033122166614,114.0244221104574,123.5917282952318,127.9574347186973,131.5072020615599
IMF.STA:CPI(4.0.0),JPN.CPI._T.SRP_2010_IX.A,OBS_VALUE,,,OL,,,99.72754438389873,99.68359992968888,100.0175777816839,102.7772895060643,103.5946563543681,103.4628229917384,103.963789769731,104.9920899982422,105.4842678853929,105.4579012128669,105.2118122692916,107.8396906310424,111.3640358586746,114.4137809808403
IMF.STA:CPI(4.0.0),TUR.CPI._T.SRP_2010_IX.A,OBS_VALUE,,,OL,,,106.471879671151,115.9389013452915,124.626307922272,135.6614349775785,146.0678251121076,157.4247944693572,174.9687032884904,203.545403587444,234.4371263079222,263.2235612855007,314.8061472346786,542.4388079222722,834.593142750374,1322.883968609866
IMF.STA:CPI(4.0.0),IRL.CPI._T.SRP_2010_IX.A,OBS_VALUE,,,OL,,,102.5489783020855,104.2869180535075,104.8240994312198,105.024225826838,104.6766378765536,104.6977038129345,105.0768906677902,105.5719401727407,106.5620391826417,106.2144512323573,108.7002317253002,117.2108700231725,124.5944807246682,127.2277227722773
IMF.STA:CPI(4.0.0),NZL.CPI._T.SRP_2010_IX.A,OBS_VALUE,,,OL,,,104.0279066739204,105.1305121722712,106.3231365296144,107.6282610111024,107.9432939122643,108.6408669618925,110.6515787371207,112.4201196425951,114.2409117644138,116.19964268334,120.7792107473083,129.4417672056579,136.8628744900403,140.8630996061572
IMF.STA:CPI(4.0.0),ZAF.CPI._T.SRP_2010_IX.A,OBS_VALUE,,,OL,,,105.0008533879502,111.0257723160949,117.4432497013142,124.6458440006827,130.2782044717528,138.8803550093873,146.0829493087558,152.6711042840075,158.9349718381977,164.0723672981737,171.6504522956136,183.7344256699095,194.8967400580304,203.3964840416454
IMF.STA:CPI(4.0.0),ECU.CPI._T.SRP_2010_IX.A,OBS_VALUE,,,OL,,,104.4745326579584,109.8045326760332,112.7931658485714,116.8415609032661,121.4762522768923,123.5756833827857,124.0914086884803,123.8133158135954,124.1426747294732,123.7219894774268,123.8868507433115,128.1809792534775,131.0210693706664,133.0483913369003
IMF.STA:CPI(4.0.0),CRI.CPI._T.SRP_2010_IX.A,OBS_VALUE,,,OL,,,104.877998309707,109.5927395816089,115.3259041760693,120.5377135737499,121.5044043459699,121.483166772673,123.4583699999129,126.2005218997499,128.8457433368475,129.77976091938,132.0203793575145,142.9447685745464,143.6955052201168,143.1022540144458
IMF.STA:CPI(4.0.0),CHL.CPI._T.SRP_2010_IX.A,OBS_VALUE,,,OL,,,103.341216942593,106.4491507202752,108.3541173941088,113.4669963448721,118.4014190496667,122.8843259514083,125.566544829069,128.6239518383143,131.9135669748441,135.9309825843904,142.0812728445496,158.6250268759407,170.651472801548,177.9854569069256
IMF.STA:CPI(4.0.0),DOM.CPI._T.SRP_2010_IX.A,OBS_VALUE,,,OL,,,105.7967680920653,109.705426598742,115.005241966313,118.4538377545702,119.4449959145366,121.373036513831,125.3535343643448,129.8216786895177,132.1722348987051,137.1697091298792,148.4766130267115,161.5590241367592,169.2906134919004,174.8809846559401
IMF.STA:CPI(4.0.0),BRA.CPI._T.SRP_2010_IX.A,OBS_VALUE,,,OL,,,106.6364496221309,112.3985492607838,119.3721044414506,126.9272128656112,138.3886145601025,150.4825942064079,155.6687862300178,161.3738141839057,167.3978602800606,172.774291252888,187.1174250582957,204.4821206157748,213.8751352877196,223.2160549900265
IMF.STA:CPI(4.0.0),NIC.CPI._T.SRP_2010_IX.A,OBS_VALUE,,,OL,,,108.082387980991,115.8573491780978,124.1243130839162,131.6164176689499,136.8776259820578,141.700061784993,147.1564659103848,154.4366454524208,162.7396072368145,168.7313759296214,177.047156631849,195.5794339871397,211.9839691015107,221.7876731448021
IMF.STA:CPI(4.0.0),PER.CPI._T.SRP_2010_IX.A,OBS_VALUE,,,OL,,,103.3693109533385,107.1021968961927,110.0666750277473,113.822090321437,117.6898696070839,121.8763061511714,125.5263802024014,127.4207668793024,130.2904378926432,132.8993893308961,138.576404455789,150.1249550055681,159.8164418432999,163.0250883632187
IMF.STA:CPI(4.0.0),PRY.CPI._T.SRP_2010_IX.A,OBS_VALUE,,,OL,,,108.2539682539683,112.233296419343,115.2454780361757,121.0409745293467,124.8283499446291,129.9298634182356,134.6105574012552,139.9621483942416,143.8210409745293,146.3631007751939,153.3709413067552,168.3484828349944,176.1464230343301,182.9023477297897
IMF.STA:CPI(4.0.0),GTM.CPI._T.SRP_2010_IX.A,OBS_VALUE,,,OL,,,106.2141239306709,110.2309376852451,115.0186766104912,118.9504309957145,121.7918241216232,127.2096627777193,132.8381008047733,137.8220028537746,142.9213948803979,147.5155182549246,153.8012301252103,164.3906420439436,174.5936720522499,179.6043839106887
IMF.STA:CPI(4.0.0),BOL.CPI._T.SRP_2010_IX.A,OBS_VALUE,,,OL,,,109.8844641982388,114.8464102656009,121.434460016488,128.4371004934466,133.6511463971229,138.4936138690753,142.4029535108785,145.6384338745714,148.3175184753575,149.7128038925051,150.8167617373382,153.4505181763981,157.4047661727302,165.4320404216878
IMF.STA:CPI(4.0.0),SLV.CPI._T.SRP_2010_IX.A,OBS_VALUE,,,OL,,,105.1289237668161,106.9473753627011,107.7576826694804,108.9875692429439,108.1904510683198,108.8439745002155,109.9458608659155,111.1446335770925,111.2283523109361,110.8150386404193,114.6569138642009,122.9106249897134,127.8830320206541,128.9748747032446
IMF.STA:CPI(4.0.0),PAN.CPI._T.SRP_2010_IX.A,OBS_VALUE,,,OL,,,105.8758024367877,111.9088169789074,116.4155639984279,119.4732502182241,119.63751644926,120.5225158654591,121.5777940433122,122.5037042125819,122.0687133787713,120.1763121343523,122.136031309897,125.6286959027865,127.4960578648542,128.3798931144969
IMF.STA:CPI(4.0.0),HTI.CPI._T.SRP_2010_IX.A,OBS_VALUE,,,OL,,,106.3327948384904,111.6686186693264,116.9896552027563,121.0119544529083,129.1582864505081,144.0152445329317,159.3962004255065,179.2910955055606,212.8253121713623,261.341632995889,305.3555468908343,409.1273681428189,559.7415384121777,710.5866013445922
IMF.STA:CPI(4.0.0),HND.CPI._T.SRP_2010_IX.A,OBS_VALUE,,,OL,,,106.7622795731476,112.3098463634299,118.1071671838341,125.3462499053961,129.3044728676303,132.827518353137,138.0534322258382,144.0550972527056,150.3443578294103,155.558919246197,162.5293271777795,177.302656474684,189.1167789298417,197.8278967683342
IMF.STA:CPI(4.0.0),MEX.CPI._T.SRP_2010_IX.A,OBS_VALUE,,,OL,,,103.4073782460574,107.6589827476347,111.7569042519337,116.2479851775914,119.4106751167207,122.780095507214,130.1978024767466,136.57664871233,141.5425229699744,146.3504877350581,154.6766720891741,166.890369321443,176.1160036385777,184.4326519839983
IMF.STA:CPI(4.0.0),COL.CPI._T.SRP_2010_IX.A,OBS_VALUE,,,OL,,,103.4150334477625,106.6925680557125,108.8445488773645,111.9997758879433,117.5883756026448,126.4233314577921,131.8776300067536,136.1512160369677,140.9478496924599,144.5090873957309,149.5597631998657,164.7808063141328,184.1193243690344,196.2879287437274
IMF.STA:CPI(4.0.0),VEN.CPI._T.SRP_2010_IX.A,OBS_VALUE,,,OL,,,126.0902123160959,152.6561536428511,214.6947405514938,348.1675623293108,772.0200863360053,2740.273984670961,,,,,,,,
IMF.STA:CPI(4.0.0),SXM.CPI._T.SRP_2010_IX.A,OBS_VALUE,,,OL,,,104.584754356504,108.7840249003468,111.5347898456247,113.6391776936284,114.0142178502603,114.1415519566739,116.6435463148526,,,,,,,
IMF.STA:CPI(4.0.0),MSR.CPI._T.SRP_2010_IX.A,OBS_VALUE,,,OL,,,103.6677781145802,108.6083287070308,109.5524350245734,109.1345323524106,107.8829962857228,107.6176757682784,108.9014672474805,110.3321602392281,109.1505611165795,107.0833094935735,109.8768567935125,113.151574361996,111.9188790610707,115.3550970501787
IMF.STA:CPI(4.0.0),DMA.CPI._T.SRP_2010_IX.A,OBS_VALUE,,,OL,,,101.1312313652648,102.5033510678685,102.4557775745301,103.2746557586344,102.4031963450507,102.5484206931365,102.8522233523504,103.8696284116412,105.4324752901598,106.7190302758074,109.0977049427299,112.2450671072789,117.9547209305833,121.0094399765259
IMF.STA:CPI(4.0.0),GRD.CPI._T.SRP_2010_IX.A,OBS_VALUE,,,OL,,,103.0334728033474,105.5173801094304,105.47095268748,104.433537174123,103.8952365626007,105.6099130994529,106.5693350740265,107.4262615626007,108.0688314934021,107.2683304312843,108.5764805278404,111.3783392339878,114.381235918893,115.6235918892823
IMF.STA:CPI(4.0.0),GUY.CPI._T.SRP_2010_IX.A,OBS_VALUE,,,OL,,,104.9777356370697,107.4887350617123,109.5323665918695,110.466272954109,109.3596943773265,110.2739502383595,112.3742898191079,113.815875399987,116.1914755109034,117.3456484545358,123.2514856657742,130.7883824201658,134.4780578593351,138.3832364657481
IMF.STA:CPI(4.0.0),BRB.CPI._T.SRP_2010_IX.A,OBS_VALUE,,,OL,,,109.4322024017722,114.3931444561035,116.4683554777845,118.52926677929,117.2102850402637,118.7128366561735,124.2450740352104,128.8096070887257,134.0911740701877,,,155.64882826163,170.8900716796527,170.1001679225245
IMF.STA:CPI(4.0.0),CUW.CPI._T.SRP_2010_IX.A,OBS_VALUE,,,OL,,,102.3325315256217,105.5907865004741,106.9975945768642,108.6012100007286,108.083679568482,108.0326554413584,109.7456082804872,112.5810919163201,115.5332021284347,,,,,
IMF.STA:CPI(4.0.0),AIA.CPI._T.SRP_2010_IX.A,OBS_VALUE,,,OL,,,104.7241951050509,106.1991140587493,106.3550199213047,106.0852780321216,105.0533297037789,104.505122126259,105.8576059788661,106.2560320720632,107.1221757529263,106.6148630255636,108.5302779083868,114.5586379271944,118.4612338835408,117.884629661709
IMF.STA:CPI(4.0.0),ATG.CPI._T.SRP_2010_IX.A,OBS_VALUE,,,OL,,,103.4567496723461,106.9503604193972,108.0834971603321,109.261003713412,110.3197356924422,109.7797892092618,112.4501692878987,113.807620427883,115.4366126106557,116.1592339237618,118.5555947209793,127.484109443389,133.9439060302464,142.2469106041572
IMF.STA:CPI(4.0.0),MTQ.CPI._T.SRP_2010_IX.A,OBS_VALUE,,,OL,,,102.557787208406,104.0763349310274,105.3645311904741,106.1681034100876,106.3160599268191,106.0555855799984,106.652727449921,,,,,,,
IMF.STA:CPI(4.0.0),GLP.CPI._T.SRP_2010_IX.A,OBS_VALUE,,,OL,,,102.5748984989342,104.5023130743988,105.456732682901,105.8291243929838,106.1457900276858,106.0458369083528,,,,,,,,
IMF.STA:CPI(4.0.0),JAM.CPI._T.SRP_2010_IX.A,OBS_VALUE,,,OL,,,107.555856465809,114.949221394719,125.6872037914691,136.0866621530128,141.1103588354773,144.427894380501,150.7515233581584,156.3845633039946,162.4915368991198,170.9846084651621,181.0090640448604,199.742721733243,212.6743398781314,224.1841570751523
IMF.STA:CPI(4.0.0),URY.CPI._T.SRP_2010_IX.A,OBS_VALUE,,,OL,,,108.0928320630299,116.8459364562816,126.8656332962234,138.127943821187,150.0984841997088,164.5670977134538,174.8000342553738,188.0962576004111,202.9219833861437,222.7198766806543,239.9760212383318,261.8243497146013,277.1910920466577,290.6324863297191
IMF.STA:CPI(4.0.0),BHS.CPI._T.SRP_2010_IX.A,OBS_VALUE,,,OL,,,103.1987814166032,105.2352726911487,105.9955078596106,107.6000216758854,109.6029778181882,109.2233383884446,110.8815747655321,113.3939998595428,116.2189111822809,116.2636799829583,119.6410383060545,126.3474046475154,130.2046845138723,130.7374332419323
IMF.STA:CPI(4.0.0),ABW.CPI._T.SRP_2010_IX.A,OBS_VALUE,,,OL,,,104.316297421952,104.9708529722981,102.4808758541627,102.91277219904,103.4013645784572,102.4384952209171,101.3851388310483,105.0614059522266,109.534355432857,,,,,
IMF.STA:CPI(4.0.0),KNA.CPI._T.SRP_2010_IX.A,OBS_VALUE,,,OL,,,105.8351651957086,106.6988746349947,107.8800157485482,108.1474129728667,105.6579940286755,104.9320843859707,105.6612749762133,104.5654384986385,104.2208304816431,103.0043180304473,104.2359291971523,107.0171265461466,110.8238459267038,
IMF.STA:CPI(4.0.0),ISR.CPI._T.SRP_2010_IX.A,OBS_VALUE,,,OL,,,103.484949197607,105.2226759092204,106.8749406514102,107.3877124679518,106.7419998100845,106.1532617984996,106.4286392555313,107.2737631753869,108.1853575159054,107.5206533092774,109.1659559272634,113.9801511246538,118.7739471898517,122.4049927200867
IMF.STA:CPI(4.0.0),TTO.CPI._T.SRP_2010_IX.A,OBS_VALUE,,,OL,,,105.1071328926456,114.8403491391622,120.8118376012682,127.6792876203383,133.6306949793023,137.7340491993521,140.3239787765129,141.7532757475186,143.1715781264399,144.0291563090432,146.9950442593506,155.5624834058513,162.7639412213036,163.6215194039071
IMF.STA:CPI(4.0.0),SUR.CPI._T.SRP_2010_IX.A,OBS_VALUE,,,OL,,,117.7117796414558,123.605447410941,125.982919135185,130.2454412556743,139.2244364084018,216.3720212688697,263.9672514928289,,294.6822343185143,397.4962302694158,632.4946605525733,964.2129827467439,1461.624580684477,1698.840636219973
IMF.STA:CPI(4.0.0),CYP.CPI._T.SRP_2010_IX.A,OBS_VALUE,,,OL,,,103.2894493956421,105.7570902217332,105.3347411635273,103.9074671608839,101.7285299742308,100.2746597333491,100.807886777964,102.2549751168474,102.5109919172826,101.8565383744483,104.3480396210672,113.108561527348,117.1141223950835,119.2224461787994
IMF.STA:CPI(4.0.0),VCT.CPI._T.SRP_2010_IX.A,OBS_VALUE,,,OL,,,103.1860311155246,105.8672624958624,106.7196292618339,106.9265143992056,105.0728235683548,104.9155908639523,107.1747765640516,109.6656736180072,110.6669976828865,109.9718636213175,111.7014233697451,118.0238331678252,123.4111221449851,127.8881165177094
IMF.STA:CPI(4.0.0),LCA.CPI._T.SRP_2010_IX.A,OBS_VALUE,,,OL,,,102.7694079414409,107.0627395920427,108.6350256318809,112.4556711556425,111.3495561027938,107.9219744061034,108.0344961002722,110.1256322593462,110.7193058423376,108.7752870417089,111.3975362821093,118.5026348463473,123.3264128404448,123.1904040624157
IMF.STA:CPI(4.0.0),CYM.CPI._T.SRP_2010_IX.A,OBS_VALUE,,,OL,,,101.3254357577966,102.5301429581833,104.7454209852319,106.0798557728523,103.5896017727077,102.9418991289646,,,,,,,,
IMF.STA:CPI(4.0.0),IRN.CPI._T.SRP_2010_IX.A,OBS_VALUE,,,OL,,,126.2933856738608,160.7169372901514,219.5442149316799,256.0029418603075,287.9640939387514,308.8283178016832,333.6733224223631,393.7816295831525,550.9294252912057,719.4815396700706,1031.657501963864,1480.30950510605,2140.219429169944,2834.846294841585
IMF.STA:CPI(4.0.0),BHR.CPI._T.SRP_2010_IX.A,OBS_VALUE,,,OL,,,99.59995930251192,102.346325293152,105.7237658681541,108.5228588277321,110.5290421570588,113.6092582929996,115.1846986747914,117.5893743600114,118.7721118604914,116.0193231491991,115.3158755024363,119.4969305296746,119.586099949687,120.6858561298373
IMF.STA:CPI(4.0.0),TLS.CPI._T.SRP_2010_IX.A,OBS_VALUE,,,OL,,,113.499840238577,126.8931728618596,140.959164980296,141.9829161785067,142.7677920971349,140.856789860475,141.6416657791032,145.3760086520921,146.7698923435203,147.4971360086133,152.951463496811,163.6661868291812,177.4474542826937,181.1079140636619
IMF.STA:CPI(4.0.0),IND.CPI._T.SRP_2010_IX.A,OBS_VALUE,,,OL,,,108.9117933648337,119.235538897084,131.1804102823405,139.924446113916,146.7905015225736,154.0540131053937,159.1811977520902,165.4510688995039,171.6215760033771,182.9888225844253,192.3787246990149,205.2662411462347,216.8620250274262,227.6032781341684
IMF.STA:CPI(4.0.0),KOR.CPI._T.SRP_2010_IX.A,OBS_VALUE,,,OL,,,104.0259650043609,106.3010867635594,107.6844333469693,109.0571670049938,109.8274724256902,110.8946503137566,113.0508108274994,114.7192591792156,115.158634290169,115.7773678401346,118.6698724133407,124.709591769001,129.1959647728062,132.1955634112643
IMF.STA:CPI(4.0.0),IDN.CPI._T.SRP_2010_IX.A,OBS_VALUE,,,OL,,,105.3560477898215,109.8647598512149,116.9098521904056,124.386150032818,132.3009914297878,136.9656666082217,142.1824122739167,146.7298983605274,151.1766750713524,154.0807306315065,156.4845901883267,163.0717524181213,169.0567000469113,
IMF.STA:CPI(4.0.0),HKG.CPI._T.SRP_2010_IX.A,OBS_VALUE,,,OL,,,105.3052489299392,109.5742284298266,114.3275512502817,119.3849966208606,122.9556206352783,125.9179995494482,127.7990538409552,130.8740707366524,134.6474431178194,134.9853570624015,137.102951115116,139.6823608920929,142.6109484118045,145.0777202072539
IMF.STA:CPI(4.0.0),AFG.CPI._T.SRP_2010_IX.A,OBS_VALUE,,,OL,,,111.8041858089129,119.0057313466162,127.7952230737319,133.768366733582,132.883209191418,138.7086655088913,145.6107414385931,146.5224818572093,149.8959752080322,158.2929797280159,166.4184803584343,189.2379527511203,180.4484010808902,168.5366671397985
IMF.STA:CPI(4.0.0),KWT.CPI._T.SRP_2010_IX.A,OBS_VALUE,,,OL,,,104.8394034987095,108.2520791511327,111.1557212503584,114.3891597361629,118.1316317751649,121.9099512474907,124.5576317808031,125.234145567617,126.6015121145745,129.2623335032482,133.6877968545496,139.0094396318971,144.0723914409015,148.2484027870145
IMF.STA:CPI(4.0.0),WBG.CPI._T.SRP_2010_IX.A,OBS_VALUE,,,OL,,,102.8772435849594,105.7362923898588,107.5596083140253,109.4236003001285,110.9901210998959,110.7469344137714,110.9823502068846,110.7658150141619,112.5161179654373,111.6887509436508,113.070878047339,117.3011127817275,124.1879804984498,190.8386088559645
IMF.STA:CPI(4.0.0),JOR.CPI._T.SRP_2010_IX.A,OBS_VALUE,,,OL,,,104.1624416292779,108.86561499113,114.1179706464297,117.4267972976772,116.3971388289156,115.4910680421479,119.3298692727982,124.6547392567817,125.6040026068044,126.022633651656,127.7190164750947,133.1204525262492,135.8958407228194,138.0111900970214
IMF.STA:CPI(4.0.0),BRN.CPI._T.SRP_2010_IX.A,OBS_VALUE,,,OL,,,100.1379115631695,100.249831963168,100.6400093749166,100.4315751278975,99.94112012114832,99.66259094965248,98.4063383634936,99.41505429921792,99.02681657210658,100.9482536658205,102.6981047110301,106.4797059860515,106.8599070151571,106.4445701638072
IMF.STA:CPI(4.0.0),SGP.CPI._T.SRP_2010_IX.A,OBS_VALUE,,,OL,,,105.2511562463937,110.0725483581745,112.6751014212288,113.8392262692079,113.2450132713118,112.6450301378619,113.2947252083907,113.7918445791796,114.4379887970599,114.2410274392138,116.8869674830669,124.0532539125957,130.0496453585917,133.1571962467486
IMF.STA:CPI(4.0.0),LAO.CPI._T.SRP_2010_IX.A,OBS_VALUE,,,OL,,,107.5689885610998,112.1461853985321,119.2914979339132,124.2173338439427,125.8040292631578,127.8130092499525,128.8680782989998,131.4974931211675,135.8665746671725,142.8013033175336,148.1643781486811,182.1773224817997,239.0715447261266,294.3701547590729
IMF.STA:CPI(4.0.0),NPL.CPI._T.SRP_2010_IX.A,OBS_VALUE,,,OL,,,109.2270754612595,119.559749053898,130.3681453932483,141.2723387490223,152.3889304650662,165.7844406346922,171.7976016269086,178.7745829248021,188.7299771622212,198.2653074036462,206.4926832785362,222.2910084923024,238.1064791752929,
IMF.STA:CPI(4.0.0),PLW.CPI._T.SRP_2010_IX.A,OBS_VALUE,,,OL,,,104.6746987951807,108.4578313253012,112.0963855421687,116.7951807228916,117.9036144578313,116.6746987951808,118.3291322525958,120.8255274477982,121.1485903554127,121.4129145525518,124.5848049182207,139.9743470627629,157.9190231129828,161.4433457415039
IMF.STA:CPI(4.0.0),MAC.CPI._T.SRP_2010_IX.A,OBS_VALUE,,,OL,,,105.8062461669104,112.2682455064396,118.4436476859933,125.6073972731991,131.3358022361655,134.4470915695617,136.0982686229184,140.1872906543378,144.0451478982875,145.2139453696279,145.2523607963391,146.770288671746,147.4694795714016,
IMF.STA:CPI(4.0.0),LKA.CPI._T.SRP_2010_IX.A,OBS_VALUE,,,OL,,,106.7167684358854,114.7663222170033,122.6948966039172,126.5953701672957,131.3659493717356,136.5665807895736,147.0878581964305,150.2282394756635,155.5288830361523,165.1000450878272,176.681451206782,264.5294159732673,308.2856875536718,306.9620319743164
IMF.STA:CPI(4.0.0),THA.CPI._T.SRP_2010_IX.A,OBS_VALUE,,,OL,,,103.8087905813963,106.9385212930683,109.275006271572,111.3459226131261,110.3433361303102,110.5509467911176,111.2868091511221,112.4707867780622,113.265649996346,112.3074937878315,113.6893200400587,111.8581485534364,121.3415402679181,122.998829587024
IMF.STA:CPI(4.0.0),PHL.CPI._T.SRP_2010_IX.A,OBS_VALUE,,,OL,,,104.7184170471842,107.8882057396326,110.6746211173953,114.6564985765853,115.4295041329969,116.876642442093,120.2113524587059,126.5937898328531,129.6219960073846,132.7240608690998,137.9363739360635,145.9658683570338,154.6917446857359,159.661379209096
IMF.STA:CPI(4.0.0),KHM.CPI._T.SRP_2010_IX.A,OBS_VALUE,,,OL,,,105.4784474961745,108.5735185556375,111.7673444245087,116.0767451979252,117.4974455748556,121.0448576610754,124.5704532454643,127.6337467672467,130.1131280341438,133.9388380176683,137.8508362381262,145.2171750257887,148.3066239055082,
IMF.STA:CPI(4.0.0),MDV.CPI._T.SRP_2010_IX.A,OBS_VALUE,,,OL,,,111.2734146055937,123.3851871343036,128.0807708427872,130.7960854352657,132.0428424310551,132.7063701442715,136.4453367997627,136.2633550338733,136.563174927495,134.6925677145742,135.4241499768678,138.5837895618901,142.6407820849303,144.6374646098211
IMF.STA:CPI(4.0.0),PAK.CPI._T.SRP_2010_IX.A,OBS_VALUE,,,OL,,,111.9160927116277,122.7522025965545,132.1944936597873,141.6984634734812,145.2824826301755,150.7525412249884,156.9113458666168,164.8793938551034,182.3209326714942,200.0789790046249,219.0789001397022,262.6183339655961,343.4210792841398,386.8038565147803
IMF.STA:CPI(4.0.0),MMR.CPI._T.SRP_2010_IX.A,OBS_VALUE,,,OL,,,105.0214601462073,106.5627374797976,112.5761141386278,118.1523458825855,129.3226717606075,138.2832137060848,144.6062641997009,154.5440819335781,168.1827006593676,,,,,
IMF.STA:CPI(4.0.0),DJI.CPI._T.SRP_2010_IX.A,OBS_VALUE,,,OL,,,105.0687139477799,108.9890477920798,111.9383267690886,113.4403879342333,112.4791057327006,115.5592471598703,116.2157532453975,116.3877186831658,120.2509223733716,122.3882716929774,123.8348004041937,130.2492058963133,132.1965203090309,134.9416522801276
IMF.STA:CPI(4.0.0),COG.CPI._T.SRP_2010_IX.A,OBS_VALUE,,,OL,,,101.759587042738,106.8579333882203,111.8071827391234,112.8270202675406,116.4026190736394,120.1165165687871,120.657117555654,122.048027425109,124.7404960757293,126.9800513548461,129.1585754055919,133.0894434758337,138.8146128024125,143.1059781450501
IMF.STA:CPI(4.0.0),TCD.CPI._T.SRP_2010_IX.A,OBS_VALUE,,,OL,,,102.0292405367826,109.6983945574559,109.9426616889851,111.7918677271776,116.6851393627306,115.7604790314922,113.9811251368346,118.8533873719441,117.6982047387633,122.9524225219406,122.0021916462596,129.0637112910263,143.0495155974489,155.7802177130415
IMF.STA:CPI(4.0.0),AGO.CPI._T.SRP_2010_IX.A,OBS_VALUE,,,OL,,,113.4824679218511,125.1460880778664,136.131179284704,146.0420563776038,159.7057105073752,208.7264441980452,271.0197658859882,324.2180676186002,379.5976070732742,464.1398371134648,583.6757794386613,708.3214355684797,804.9655331441319,1032.291783410658
IMF.STA:CPI(4.0.0),CPV.CPI._T.SRP_2010_IX.A,OBS_VALUE,,,OL,,,104.4738834216502,107.1279342385694,108.7418624797073,108.48221067765,108.6245263191356,107.0952924547837,107.9353642620106,109.2921071138423,110.5016065159521,111.1710206164353,113.2411950841226,122.2222741529692,126.7742901919053,128.1031002832531
IMF.STA:CPI(4.0.0),VNM.CPI._T.SRP_2010_IX.A,OBS_VALUE,,,OL,,,118.6777322770707,129.4711200242612,138.0067298742848,143.6436899232646,144.5503701942881,148.4073328012785,153.631652156685,159.0696412245834,163.5169479129183,168.7837214833385,171.8804226640626,177.3058410958517,183.0734100821373,189.7026680414021
IMF.STA:CPI(4.0.0),COM.CPI._T.SRP_2010_IX.A,OBS_VALUE,,,OL,,,101.8426630075621,108.2737669716957,103.6235458464853,,,,,,,,,,,
IMF.STA:CPI(4.0.0),CAF.CPI._T.SRP_2010_IX.A,OBS_VALUE,,,OL,,,101.1944757244985,106.7382085831205,114.1979214808854,131.2119091421671,133.0527730887144,139.6328085185494,145.4704699048578,147.8156820791274,151.7850853123759,154.3808479594233,160.95649049113,169.9429607188861,175.0057969342093,177.5912205869837
IMF.STA:CPI(4.0.0),BWA.CPI._T.SRP_2010_IX.A,OBS_VALUE,,,OL,,,108.4598723340858,116.6343872838331,123.4978626846514,128.9345511637767,132.8825679872562,136.6231563506342,141.1430339563826,145.7132673993513,149.7536987588671,152.584581533137,163.6331969882762,182.7219380006646,191.981583240697,197.3922987199027
IMF.STA:CPI(4.0.0),CMR.CPI._T.SRP_2010_IX.A,OBS_VALUE,,,OL,,,102.9396994630509,105.7554057429625,107.9237587223293,109.9256349079718,112.8675035687364,113.8541804307925,114.5833130197944,115.8080460572987,118.6485882900108,121.5407767451358,124.3020101491486,132.0679984136415,141.8183328824457,148.2435722448801
IMF.STA:CPI(4.0.0),DZA.CPI._T.SRP_2010_IX.A,OBS_VALUE,,,OL,,,104.5242115050527,113.8179304607404,117.5218380679733,120.9498642002496,126.7366463578751,134.8448701950134,142.3842031857887,148.4639947148205,151.3616677677457,155.0172502385671,166.2188945166263,181.6199319777827,198.5508576182436,206.5844527637084
IMF.STA:CPI(4.0.0),BDI.CPI._T.SRP_2010_IX.A,OBS_VALUE,,,OL,,,109.5921660597967,129.4952489903405,139.7745275642124,145.9320879875763,154.0235682901459,162.5837201481344,188.6825292219081,183.3716857008591,182.1123399943436,195.4449782350601,211.8712265809119,251.7048788196027,319.5179074073942,384.1004404871683
IMF.STA:CPI(4.0.0),MYS.CPI._T.SRP_2010_IX.A,OBS_VALUE,,,OL,,,103.1744709215131,104.8908515247459,107.098816863856,110.4649225129144,112.7895350774871,115.1474754207632,119.6050658223629,120.6632227962006,121.4630894850857,120.0799866688885,123.0544909181803,127.212131311448,130.3782702882852,132.7695384102649
IMF.STA:CPI(4.0.0),KEN.CPI._T.SRP_2010_IX.A,OBS_VALUE,,,OL,,,114.0224913014704,124.7152583244429,131.8458452004224,140.9144067848212,150.1896104602493,159.647425011301,172.4282385762158,180.5147892612135,189.9731106785122,200.2414652178382,212.4720858320779,228.7471558459308,246.2952567880222,257.3533930078504
IMF.STA:CPI(4.0.0),BEN.CPI._T.SRP_2010_IX.A,OBS_VALUE,,,OL,,,102.7042390774728,109.6313139515998,110.1015104758811,109.4973201234367,109.7368848465162,108.8663310053597,108.9134318661686,109.9145322397272,110.7200401981486,114.0667983221437,116.0441914722402,117.611691618775,120.8327239392855,122.2355083644634
IMF.STA:CPI(4.0.0),GIN.CPI._T.SRP_2010_IX.A,OBS_VALUE,,,OL,,,121.3169268542577,139.7889989348563,156.4065398240666,166.0263327631983,185.5843717393808,200.7515906553018,218.6473091063889,240.1351292537028,262.8759509501441,290.7450612316694,327.3710546871226,361.7222336724757,389.9545669052932,421.6311189947855
IMF.STA:CPI(4.0.0),GNB.CPI._T.SRP_2010_IX.A,OBS_VALUE,,,OL,,,105.046102263202,107.2841575859179,108.5792120704107,106.9404861693211,108.5196982397318,110.1508801341157,112.013657770165,112.4407935177424,112.7180728160647,114.0030694348272,116.5595754937446,127.5054047159153,136.5611054092534,141.7033933907995
IMF.STA:CPI(4.0.0),GNQ.CPI._T.SRP_2010_IX.A,OBS_VALUE,,,OL,,,104.805389221557,108.6377245508982,111.8413173652695,116.6616766467066,118.6176623111789,120.2924715298472,121.187874251497,122.4725555268024,124.346722780622,130.2739520958084,130.1474550898204,136.3772455089821,140.2769461077845,144.375
IMF.STA:CPI(4.0.0),ETH.CPI._T.SRP_2010_IX.A,OBS_VALUE,,,OL,,,133.2499598823344,164.6975069694227,176.9905650068699,189.1852494772722,207.2881959814942,221.0275340762014,244.6490008874137,278.4913844187401,322.5198479258708,388.1731068488021,492.3569138642357,659.2160797171358,858.4234517659455,1039.016397648818
IMF.STA:CPI(4.0.0),GMB.CPI._T.SRP_2010_IX.A,OBS_VALUE,,,OL,,,104.7958826618311,109.2542369510573,115.4807778321901,122.3495737550684,130.6796893605558,140.1262532323272,151.3842623002149,161.2559819643614,172.7304355848821,182.9755550869683,196.4614894993522,219.0803362210316,256.2674990517557,285.9016438166674
IMF.STA:CPI(4.0.0),GAB.CPI._T.SRP_2010_IX.A,OBS_VALUE,,,OL,,,101.2633170783742,103.9492438185395,104.4746459772307,109.3749848641482,109.0044276777287,111.3008317252772,114.2524472324063,119.678371953152,122.6279262864549,124.2867891792762,125.6376715691158,130.9537130129528,135.70604334892,137.298038062687
IMF.STA:CPI(4.0.0),GHA.CPI._T.SRP_2010_IX.A,OBS_VALUE,,,OL,,,108.7284593709302,120.891195539437,134.9945948935081,155.9047393082643,182.6423545499143,214.5219103570241,241.0623928154685,259.8863889742269,278.4517370981098,305.9830666373665,336.4929095423985,441.6667803844021,609.9725885830686,749.3411270388707
IMF.STA:CPI(4.0.0),MOZ.CPI._T.SRP_2010_IX.A,OBS_VALUE,,,OL,,,111.1666056127874,114.059666020389,118.9201504605845,121.9642075355378,126.2948634328958,148.292955561846,170.704777480577,177.38161216446,182.3530920706718,188.7061564996636,200.7993462491509,221.4403178806332,237.2223135802336,246.8975877765955
IMF.STA:CPI(4.0.0),NER.CPI._T.SRP_2010_IX.A,OBS_VALUE,,,OL,,,102.9423851401332,103.410865455741,105.7864520690128,104.8023341826252,104.1985780280387,105.9219070814786,108.8838788920784,112.1151208672782,109.3236868275917,112.4920990977181,116.8093974034712,121.7460170878041,126.2518045087771,137.7047621764296
IMF.STA:CPI(4.0.0),LBY.CPI._T.SRP_2010_IX.A,OBS_VALUE,,,OL,,,115.5184815317561,122.5186750057539,125.7112887257346,128.7697707337206,142.1647800429159,178.919883449612,225.0876875577237,254.7321948585925,249.2244292561782,252.8307978888575,260.0828202155742,271.8133395371213,278.2639466121315,284.1802768526706
IMF.STA:CPI(4.0.0),LSO.CPI._T.SRP_2010_IX.A,OBS_VALUE,,,OL,,,105.0366305210156,111.3928556462486,116.8122506253269,123.0854067839663,127.0468430724191,135.4274943098359,141.4509021261574,148.1723703598973,155.8581950706831,163.6169668336237,173.5121052689249,187.8646863585434,199.7794732439372,211.9769015862962
IMF.STA:CPI(4.0.0),MWI.CPI._T.SRP_2010_IX.A,OBS_VALUE,,,OL,,,107.6228226284852,130.5155584317532,166.1245532905499,205.6490149022991,250.6189997328871,305.0311744998111,340.2421245477018,382.5008024181032,418.344325525805,454.4286768060302,496.8275272217105,600.9326168859014,773.9395718372714,1022.990620535918
IMF.STA:CPI(4.0.0),MDG.CPI._T.SRP_2010_IX.A,OBS_VALUE,,,OL,,,109.4825404858299,115.7382024307594,122.4816071357431,129.9289887103647,139.5491801629493,147.9720317801127,160.7110190981272,174.5228930537674,184.3145251258908,192.0590401653034,203.2219940087367,219.8061083797589,241.5104817386221,
IMF.STA:CPI(4.0.0),MAR.CPI._T.SRP_2010_IX.A,OBS_VALUE,,,OL,,,100.9069249096918,102.205720544155,104.1278571977558,104.588425178695,106.2178156944124,107.9548074706018,108.7695027284605,110.7316139651065,111.0675582199678,111.8516603739144,113.4197746137883,120.9701766774268,128.3386413419415,129.603106265852
IMF.STA:CPI(4.0.0),LBR.CPI._T.SRP_2010_IX.A,OBS_VALUE,,,OL,,,108.488167518494,115.8998480806479,124.6819351706353,136.9769615085435,147.5908910460878,160.6294373950933,180.5790230308356,223.1297880206277,283.2995825406376,331.3350782732686,357.2308823021369,384.3553691305987,423.1539433980487,457.9159314835075
IMF.STA:CPI(4.0.0),MUS.CPI._T.SRP_2010_IX.A,OBS_VALUE,,,OL,,,106.5224925486934,110.6259097525473,114.5457128994246,118.2314410480349,119.7525473071324,120.9233381853469,125.3575934012615,129.389161086851,129.9140349344978,133.2668573508005,138.6355511887433,153.5718005822415,164.4031926249393,170.2927190462115
IMF.STA:CPI(4.0.0),MLI.CPI._T.SRP_2010_IX.A,OBS_VALUE,,,OL,,,102.9556439522939,108.4361051476498,107.7781838743074,108.7307431420295,110.3080897860705,108.3229334793427,110.2292626717839,110.5594505782366,108.7260797508947,109.2023966815276,113.4892490572242,124.408590014187,126.9699169053265,131.0410785954534
IMF.STA:CPI(4.0.0),MRT.CPI._T.SRP_2010_IX.A,OBS_VALUE,,,OL,,,105.6863195957595,110.8675145505853,115.4453470205868,119.5256110713661,123.4158432647961,125.2321671351018,128.0552464734992,131.9831618312539,135.0188967977338,138.240035711831,143.1685208688208,156.8057037196305,164.5723691688031,168.6729258665538
IMF.STA:CPI(4.0.0),CIV.CPI._T.SRP_2010_IX.A,OBS_VALUE,,,OL,,,104.9124339505246,106.2810284007163,109.0243228174151,109.5134954132125,110.884056313105,111.6859459211782,112.4519786768579,112.8561412441888,111.6069778770277,114.3134544211354,118.9911059877657,125.2692757435335,130.7649855231845,135.2977878665177
IMF.STA:CPI(4.0.0),NAM.CPI._T.SRP_2010_IX.A,OBS_VALUE,,,OL,,,105.005595180812,112.0640689507579,118.3406934303053,124.6721213158197,128.9035122929694,137.5768912644022,146.0320915878631,152.2991917655097,157.968367961494,161.458493232361,167.2982940331393,177.472173637599,187.907421438975,195.872890747544
IMF.STA:CPI(4.0.0),STP.CPI._T.SRP_2010_IX.A,OBS_VALUE,,,OL,,,114.3271667616801,126.4892168414575,136.7422211532401,146.312124734434,153.9874808096312,162.3498012307718,171.5879857997616,185.0895516823238,199.3789190082717,218.9565888598766,236.7747733014666,279.4075750200665,338.8065906764124,387.431866451361
IMF.STA:CPI(4.0.0),SSD.CPI._T.SRP_2010_IX.A,OBS_VALUE,,,OL,,,146.8521757193597,213.7079472090176,213.5838021715171,217.1598337698989,331.7471091947402,1592.384749454438,4583.705461625803,8411.169629500854,15749.18875524817,20422.89337125728,22570.7110312611,21061.33514568068,21563.18555530778,41280.73969304955
IMF.STA:CPI(4.0.0),SLE.CPI._T.SRP_2010_IX.A,OBS_VALUE,,,OL,,,106.7913829195262,113.8265454834521,120.114470441718,125.6869551392458,134.0947030922917,148.692334190095,175.7863218421261,203.9640690002383,234.1609475608786,265.648268369591,297.1912345319164,378.0518826677971,558.166662231195,717.9907088856981
IMF.STA:CPI(4.0.0),SWZ.CPI._T.SRP_2010_IX.A,OBS_VALUE,,,OL,,,106.1074271459025,115.5930563908985,122.0908960766682,129.0273058063544,135.4157637525025,146.0422105734673,155.128044574078,162.5975555949443,166.821866435163,,,,,
IMF.STA:CPI(4.0.0),SEN.CPI._T.SRP_2010_IX.A,OBS_VALUE,,,OL,,,103.4032282978697,104.869722570496,105.6145550419627,104.4630869962399,104.6043335561025,105.4801698902303,106.8705600706582,107.363218008605,109.2529303683523,112.0313928329951,114.4740388126717,125.5743791478069,133.0328417555222,134.1030953559227
IMF.STA:CPI(4.0.0),SDN.CPI._T.SRP_2010_IX.A,OBS_VALUE,,,OL,,,118.0966171221351,160.0906610094164,218.5595243982426,299.2225073434683,349.8197484890558,411.9136417975145,545.1744030337383,890.2289521201369,1344.192762434829,3538.692056968496,16245.88896814157,38796.55729740483,,
IMF.STA:CPI(4.0.0),RWA.CPI._T.SRP_2010_IX.A,OBS_VALUE,,,OL,,,103.0801706924026,113.6675538176801,120.4015251076509,123.2363676121232,126.3524026694799,135.4173574507727,146.6292872896952,146.1729620495412,151.0666523689885,165.9473204176325,165.2978909752858,194.5377813062062,233.0359264773376,237.1613437776644
IMF.STA:CPI(4.0.0),NGA.CPI._T.SRP_2010_IX.A,OBS_VALUE,,,OL,,,110.8261371880017,124.3737916236132,134.9399899542045,145.799165386817,158.9348463938372,183.882551450038,214.2273396113527,240.1383645266164,267.505546743183,302.9393941350743,354.2962422544422,421.0711203449526,524.9053646572304,699.3949133214553
IMF.STA:CPI(4.0.0),SYC.CPI._T.SRP_2010_IX.A,OBS_VALUE,,,OL,,,102.5592677223095,109.8516117658713,114.6180056232961,116.2064215409452,120.9034201486727,119.6756677800571,123.0945571777847,127.6526481739833,129.9594515303161,131.5224279000418,144.3709845750855,148.162219077859,146.6282943135185,147.0853729049129
IMF.STA:CPI(4.0.0),TUN.CPI._T.SRP_2010_IX.A,OBS_VALUE,,,OL,,,103.2400284200953,108.0012978088872,113.7429009417898,119.0041368284317,124.284792209994,128.7955836802466,135.6331459581343,145.544662556429,155.325373517033,164.0766398492271,173.4394275290466,187.8461063593883,205.3702620609976,220.1705094000044
IMF.STA:CPI(4.0.0),TGO.CPI._T.SRP_2010_IX.A,OBS_VALUE,,,OL,,,103.5635147290396,106.232534720517,108.1716978417555,108.3781706524916,111.1797505992947,112.6089090028948,111.503213533868,112.5376906481026,113.2969292954413,115.2221666046128,120.0456143015055,129.6103369939728,136.7250186642119,140.6389374064903
IMF.STA:CPI(4.0.0),BFA.CPI._T.SRP_2010_IX.A,OBS_VALUE,,,OL,,,102.7597672485453,106.6832917705735,107.2527015793848,106.975893599335,107.7512965764915,108.2265244552146,109.8315226998982,111.9797647092931,108.3590229344125,110.4012661604491,114.4345198672324,,131.7591160142675,137.2808997284767
IMF.STA:CPI(4.0.0),FJI.CPI._T.SRP_2010_IX.A,OBS_VALUE,,,OL,,,107.2781178270849,110.9506503442999,114.1832440703902,114.7762050497323,116.354246365723,120.8492731446059,124.8947972456006,129.992348890589,132.2972456006121,128.8638102524865,129.0646518745217,134.6403978576894,137.7964804896709,144.0130068859984
IMF.STA:CPI(4.0.0),ZMB.CPI._T.SRP_2010_IX.A,OBS_VALUE,,,OL,,,106.4293968107234,113.4280872043757,121.34273168477,130.8158077189739,144.0420614744627,169.7819890609352,180.9490794237731,194.5104383329482,212.3087589553963,245.7114243894922,299.8189661813421,332.778676527232,369.0000770356674,424.2970495339341
IMF.STA:CPI(4.0.0),UGA.CPI._T.SRP_2010_IX.A,OBS_VALUE,,,OL,,,116.5643496174515,131.3435874763952,137.7862646309738,142.0241659895599,149.9628710012847,158.5203148506103,166.7787747355883,171.1417273452274,176.0493670405627,181.8824510260037,185.8921807007657,199.2685895307928,209.9313482222138,216.9081660711184
IMF.STA:CPI(4.0.0),WSM.CPI._T.SRP_2010_IX.A,OBS_VALUE,,,OL,,,105.2354159147843,107.3917094081915,108.0468908927267,107.6073387575322,108.386921789764,109.8010662191568,111.7224715356735,116.4119763455187,117.5555221196926,115.7111788652735,119.3366469966381,132.4181896960704,142.9078910466624,146.0125011071747
IMF.STA:CPI(4.0.0),TON.CPI._T.SRP_2010_IX.A,OBS_VALUE,,,OL,,,106.2707530299569,107.4902508746001,108.3239767790698,111.0438578744784,109.8734574783371,112.7061656834906,121.178358977414,127.2761714470398,128.7774490612099,128.3270657769589,135.5653685595649,150.4387403513792,159.9933000244193,165.086920501068
IMF.STA:CPI(4.0.0),KIR.CPI._T.SRP_2010_IX.A,OBS_VALUE,,,OL,,,101.4974097987597,98.40593782106699,96.94159932345507,98.98123623483138,99.54742448933843,101.456058112065,101.8167555913496,102.3910331383342,100.5346018428033,103.1014970846799,105.2188067166009,110.8437561534579,121.1334637791078,
IMF.STA:CPI(4.0.0),FSM.CPI._T.SRP_2010_IX.A,OBS_VALUE,,,OL,,,105.0825940389037,110.356167730641,112.289969066139,113.020173769947,112.6832427325036,111.514190075614,112.1634856126685,113.8441435457243,116.0343360456492,116.6778562433045,120.4013780781179,126.9135800956,,
IMF.STA:CPI(4.0.0),PNG.CPI._T.SRP_2010_IX.A,OBS_VALUE,,,OL,,,104.4408340102897,109.1795288383428,114.5951800704035,120.5794746818305,127.8093690766315,136.339019767127,143.7313836988898,150.0188975766948,155.9126493647649,163.5082053442145,170.8392431178119,179.8138372441051,183.9472177643396,185.0553230169209
IMF.STA:CPI(4.0.0),TUV.CPI._T.SRP_2010_IX.A,OBS_VALUE,,,OL,,,100.5005807431527,,,,,,,,,,,,,
IMF.STA:CPI(4.0.0),NRU.CPI._T.SRP_2010_IX.A,OBS_VALUE,,,OL,,,100.3003003003003,100.1751751751752,,,,,,,,,,,,
IMF.STA:CPI(4.0.0),ARM.CPI._T.SRP_2010_IX.A,OBS_VALUE,,,OL,,,107.6500080785929,110.4037168987588,116.7957253299818,120.2777664380184,124.7661612548623,123.0149339844037,124.2076292979815,127.3379519785898,129.1760073267483,130.7408916965933,140.1344107348764,152.2433005726061,155.2583554825849,155.6767953478586
IMF.STA:CPI(4.0.0),TZA.CPI._T.SRP_2010_IX.A,OBS_VALUE,,,OL,,,112.6909694699162,130.7227572559866,141.0115842216963,149.6578707266248,158.0210062572077,166.1982240248887,175.0378356447202,181.154460150602,187.4301589333854,193.5971558867847,200.7426712352635,209.4755235397623,217.4339865765428,224.0808277911253
IMF.STA:CPI(4.0.0),ZWE.CPI._T.SRP_2010_IX.A,OBS_VALUE,,,OL,,,103.4661297281749,107.3205810441536,109.0752193297857,108.8594851143391,106.2131454048612,104.5735653674673,105.5084136344024,116.7122105565943,414.6843089313965,2725.312814612398,5411.002444987775,11076.60178773358,,
IMF.STA:CPI(4.0.0),RUS.CPI._T.SRP_2010_IX.A,OBS_VALUE,,,OL,,,108.4404648593257,113.9435397676078,121.6389563060174,131.1552728140789,151.5294641411757,162.2008472966527,168.1752388637462,173.0158221164031,180.7502636541624,186.8626218856231,199.372063343799,,,
IMF.STA:CPI(4.0.0),CZE.CPI._T.SRP_2010_IX.A,OBS_VALUE,,,OL,,,101.9172191363555,105.2678731410142,106.7819387206594,107.1492564056621,107.4807382189572,108.2153735889626,110.8672280953235,113.2503135638775,116.4755420175597,120.1576778355134,124.7715463178642,143.6122558681241,158.9231320551873,162.7934061996059
IMF.STA:CPI(4.0.0),UKR.CPI._T.SRP_2010_IX.A,OBS_VALUE,,,OL,,,107.9557246627465,108.5696990660671,108.3102732618471,121.3853337945347,180.4998270494638,205.6122448979592,235.2992044275337,261.0688343133862,281.6585956416464,289.354894500173,316.4475959875475,380.3182289865097,429.1854029747492,457.0909719820129
IMF.STA:CPI(4.0.0),BLR.CPI._T.SRP_2010_IX.A,OBS_VALUE,,,OL,,,153.2286983118173,243.9703289639403,288.6468124585656,340.9483285292545,387.0939451578945,432.9126326142871,459.0252180559682,481.3903138791417,508.3392943802091,536.5426882783543,587.3011498139565,676.6277475816031,710.4631881700579,751.565750724137
IMF.STA:CPI(4.0.0),GEO.CPI._T.SRP_2010_IX.A,OBS_VALUE,,,OL,,,108.5429333333333,107.5186583333333,106.9681,110.25075,114.664725,117.1127333333333,124.1808583333333,127.4284916666667,133.6124666666666,140.5636083333334,154.0112083333334,172.3357166666667,176.6230166666667,178.5830333333333
IMF.STA:CPI(4.0.0),TJK.CPI._T.SRP_2010_IX.A,OBS_VALUE,,,OL,,,112.4315490430406,118.9876193157086,124.948478366802,132.5758678300995,140.1519946752479,148.5675344708801,,,,,,,,
IMF.STA:CPI(4.0.0),ALB.CPI._T.SRP_2010_IX.A,OBS_VALUE,,,OL,,,103.428071301415,105.5293084311282,107.5740662635516,109.3230754033681,113.1507040532535,112.7350820442734,115.0580994078581,117.3915462738126,119.0480475709839,120.9776814420642,123.4474064890239,131.7494948221919,138.0204601358485,141.0769087785867
IMF.STA:CPI(4.0.0),VUT.CPI._T.SRP_2010_IX.A,OBS_VALUE,,,OL,,,100.8737931047811,102.2329702535595,103.7244815270714,104.5530989012448,107.1494333403211,108.0517055921987,111.384588808318,113.9809232473943,117.1296692692529,123.3719201546918,126.2628741045853,134.6963576017269,149.7587800922549,
IMF.STA:CPI(4.0.0),BGR.CPI._T.SRP_2010_IX.A,OBS_VALUE,,,OL,,,104.2199034660187,107.2991516943552,108.2542145130411,106.7189707771329,106.6073072378942,105.7558880996874,107.9361474641377,110.9740586232575,114.4183931603526,116.3319732431316,120.1683043214848,138.5844081062607,151.670713970091,155.3813674570812
IMF.STA:CPI(4.0.0),UZB.CPI._T.SRP_2010_IX.A,OBS_VALUE,,,OL,,,113.7797446476602,128.8086865952766,144.0614813831876,157.4348434862547,171.2133551636934,185.1345190791653,210.8233083069656,247.7683636017147,283.7585418811719,320.2718241539951,355.0188822107617,395.656628724737,435.050539874052,476.938313750946
IMF.STA:CPI(4.0.0),CHN.CPI._T.SRP_2010_IX.A,OBS_VALUE,,,OL,,,105.5538989225749,108.3189089823739,111.1580017651918,113.2940601998371,114.9221228194955,117.2205673696739,119.0880504286818,121.5588778661133,125.0831543820749,128.1094436056234,129.3662166374569,131.9193566685346,132.2291519024311,132.517581947783
IMF.STA:CPI(4.0.0),AZE.CPI._T.SRP_2010_IX.A,OBS_VALUE,,,OL,,,107.8583333333334,109.0083333333333,111.6416666666667,113.175,117.7333333333333,132.3833333333334,149.5083333333334,152.9,156.891564325,161.221472575,171.9431827583333,195.7611977916667,212.9596617666667,217.6706955396022
IMF.STA:CPI(4.0.0),KGZ.CPI._T.SRP_2010_IX.A,OBS_VALUE,,,OL,,,116.6363262731495,119.8653357431527,127.7929318114374,137.4211673231675,146.3581033693568,146.9271997258672,151.5925935913669,153.9311540973706,155.6761524135445,165.5233275068185,185.2289455554357,211.0182036747278,233.7095757242357,
IMF.STA:CPI(4.0.0),MDA.CPI._T.SRP_2010_IX.A,OBS_VALUE,,,OL,,,107.6872510335618,112.5830734355477,117.7595068969085,123.7520356632241,135.7265800485254,144.3578526423131,153.8424955472437,158.5270825706377,166.1962796369206,172.4551837008355,181.2614546715741,233.3510984735225,264.6598397132058,277.0399260900568
IMF.STA:CPI(4.0.0),KAZ.CPI._T.SRP_2010_IX.A,OBS_VALUE,,,OL,,,108.452904661768,114.087774540991,120.8678269771882,129.1466080741217,137.7713877348364,157.5568665612974,169.2832935085176,179.7173443482625,189.3026785171879,392.468498071688,423.4337487806109,487.7514742136431,559.5731684187087,609.6813631496094
IMF.STA:CPI(4.0.0),NCL.CPI._T.SRP_2010_IX.A,OBS_VALUE,,,OL,,,102.4289969375338,104.2211687712377,105.5527121701553,105.7414943155595,106.344758149096,106.9597684272346,,,,,,,,
IMF.STA:CPI(4.0.0),POL.CPI._T.SRP_2010_IX.A,OBS_VALUE,,,OL,,,104.2394014962594,107.9507114566525,109.0215637377146,109.080240575033,108.126741968608,107.4079507114568,109.6376705295585,111.6253483937216,114.1117793750917,117.9624468241162,123.9254804166056,141.8072465894089,158.1560803872672,164.1511589669944
IMF.STA:CPI(4.0.0),HRV.CPI._T.SRP_2010_IX.A,OBS_VALUE,,,OL,,,102.2727272727273,105.7623478883321,108.1066571224051,107.8740157480314,107.3729420186113,106.1649964209019,107.3639942734431,108.9745884037223,109.8156764495347,109.9856836077309,112.7952755905512,124.9552612741589,134.8783106657123,138.8869005010737
IMF.STA:CPI(4.0.0),LTU.CPI._T.SRP_2010_IX.A,OBS_VALUE,,,OL,,,104.1302756264508,107.3478832022387,108.4723301336153,108.5848788641483,107.6248827673444,108.5994530682375,112.6424897511954,115.6815027878882,118.3820983212579,119.8025585486137,125.4135643417925,150.1263650760095,163.8138656197394,164.9863401590533
IMF.STA:CPI(4.0.0),SRB.CPI._T.SRP_2010_IX.A,OBS_VALUE,,,OL,,,111.1373976342129,119.2841977555354,128.4622383985441,131.1373976342129,132.9632999696694,134.4555656657568,138.6654534425235,141.3830755232029,143.9975735517136,146.2663026994237,152.2414316044889,170.4822565969063,191.5741583257507,200.5216863815591
IMF.STA:CPI(4.0.0),EST.CPI._T.SRP_2010_IX.A,OBS_VALUE,,,OL,,,104.9819013145361,109.1112592874834,112.1451705086683,112.0261002095637,111.4745665841112,111.6403124404648,115.4553248237759,119.4227471899409,122.1423128214898,121.5993522575729,127.257572871023,151.94333206325,165.8601638407315,171.6993713088208
IMF.STA:CPI(4.0.0),MNG.CPI._T.SRP_2010_IX.A,OBS_VALUE,,,OL,,,108.411214953271,123.9469050521468,136.9497494243533,153.7315454422323,162.5490992821347,163.7410266829203,170.7842340511988,182.4389735594541,195.7589698788955,203.1900591902374,218.1302431266272,251.1725165738538,277.1628015296478,296.0177683833916
IMF.STA:CPI(4.0.0),HUN.CPI._T.SRP_2010_IX.A,OBS_VALUE,,,OL,,,103.9299209893507,109.8041909996564,111.7073170731706,111.4531088972862,111.3844039848849,111.8241154242528,114.450017176228,117.7121264170388,121.6420474063895,125.6887667468224,132.112676056338,151.4118859498454,177.3411198900721,183.9093095156303
IMF.STA:CPI(4.0.0),BIH.CPI._T.SRP_2010_IX.A,OBS_VALUE,,,OL,,,103.67125,105.7992833333333,105.7008416666667,104.7525,103.6672399710423,102.025047222661,102.8515861269501,104.3091043262597,104.896137350469,103.7933684463403,105.8501783209858,120.6912667846069,128.0605562051884,130.2275038833665
IMF.STA:CPI(4.0.0),SVK.CPI._T.SRP_2010_IX.A,OBS_VALUE,,,OL,,,103.9192859914629,107.6667221021121,109.1745662176395,109.0914130495038,108.7366261987915,108.1711846554688,109.5903320583181,112.3454736958812,115.3389877487665,117.5730361993458,121.276123953656,136.7681135317923,151.1724596707135,155.3412051665835
IMF.STA:CPI(4.0.0),MKD.CPI._T.SRP_2010_IX.A,OBS_VALUE,,,OL,,,103.9047542206973,107.3502937111868,110.3399999999999,110.0291666666666,109.6991666666665,109.4366666666666,110.9158333333333,112.5333333333332,113.3958333333332,114.7566666666666,118.4641666666666,135.2916666666666,147.9574999999999,153.1208333333331
IMF.STA:CPI(4.0.0),LVA.CPI._T.SRP_2010_IX.A,OBS_VALUE,,,OL,,,104.3707355993922,106.7272068413738,106.6957705792578,107.3578078454916,107.5448704985884,107.69611443606,110.8520016592023,113.6614949174473,116.8569846432734,117.1129772854836,120.9493985965323,141.8860818044366,154.5679253945454,156.5244444294679
IMF.STA:CPI(4.0.0),MNE.CPI._T.SRP_2010_IX.A,OBS_VALUE,,,OL,,,103.4501431124869,107.738407324783,110.11500096703,109.3326184121184,111.0258434700929,110.724535958828,113.3600412140688,116.3201255702588,116.7406969253971,116.4422426796644,119.2494345764367,134.7999229278674,146.3721850643416,151.2562590853428
IMF.STA:CPI(4.0.0),SVN.CPI._T.SRP_2010_IX.A,OBS_VALUE,,,OL,,,101.8028517194191,104.4470931002516,106.2949719683928,106.5068644329669,105.9471151723833,105.8888447446254,107.4021100957931,109.2694124398535,111.0510749128152,110.9901558292501,113.1179093276829,123.1104048028959,132.2782854368074,134.8783825541871
IMF.STA:CPI(4.0.0),COD.CPI._T.SRP_2010_IX.A,OBS_VALUE,,,OL,,,115.316515913949,126.527389319038,127.550012909223,129.1355091835887,130.0965343448389,133.850926577035,,,,,,,,
IMF.STA:CPI(4.0.0),BTN.CPI._T.SRP_2010_IX.A,OBS_VALUE,,,OL,,,108.848985699468,120.734921525617,131.3310812,142.1935549585474,148.6607225268534,153.4474296479576,161.0508781762501,165.4378458969425,169.9483935773833,179.5154093481266,192.7040733019114,203.570977260005,212.1806945781941,218.0396734019749
IMF.STA:CPI(4.0.0),IRQ.CPI._T.SRP_2010_IX.A,OBS_VALUE,,,OL,,,105.801455370853,112.243807997863,114.353428132719,116.910341144268,118.539288337005,119.1989848406363,119.4183811795716,119.8571738574421,119.6186995759907,120.3055055065705,127.5742016052073,133.9462344055871,139.7840848155158,122.5948586085034
IMF.STA:CPI(4.0.0),BLZ.CPI._T.SRP_2010_IX.A,OBS_VALUE,,,OL,,,101.602056156402,102.9234729357825,103.4481230428327,104.6909484256325,103.788947954679,104.4775120327062,105.6765517445323,105.9618600704544,106.160082270615,106.2889973892432,109.7281230824335,116.6156401726204,121.7348803951078,125.7394221556293
IMF.STA:CPI(4.0.0),SLB.CPI._T.SRP_2010_IX.A,OBS_VALUE,,,OL,,,107.34270706018,113.688814368881,119.818192049045,126.007882882883,125.284006297329,125.9260688216165,126.541452847665,130.9216534124791,133.0620331855913,137.0053929646254,136.847236823755,144.3986442756928,152.8977448329609,159.5057399391144
IMF.STA:CPI(4.0.0),KOS.CPI._T.SRP_2010_IX.A,OBS_VALUE,,,OL,,,107.3364177131527,109.9948593669677,111.9388252272156,112.418995558574,111.8153849283962,112.1208303792264,113.789451041016,114.9885617005188,118.0656464428955,118.2996855216097,122.2670918918056,136.426245250384,143.1716013658125,145.4901937862383
IMF.STA:CPI(4.0.0),GBR.CPI._T.SRP_2010_IX.A,OBS_VALUE,,,OL,,,103.8561124468282,106.5285740706492,108.9698538931015,110.5511374144627,110.9580173848714,112.0769373034955,114.943591640466,117.579064176068,119.6227113001664,120.8063621231737,123.8487146291845,133.6600702792676,142.740891437026,147.4107638246717
IMF.STA:CPI(4.0.0),BEL.CPI._T.SRP_2010_IX.A,OBS_VALUE,,,OL,,,103.5320821072274,106.4720447857604,107.6571807937989,108.02321825881,108.629692097897,110.7738821502907,113.1289026053255,115.451625636977,117.110457187971,117.9780018660733,120.8569583004378,132.4562190483026,137.8193856312352,142.1517261178497
IMF.STA:CPI(4.0.0),FRA.CPI._T.SRP_2010_IX.A,OBS_VALUE,,,OL,,,102.1115979517499,104.1070580161537,105.0062468106072,105.5394252934241,105.5790177550194,105.7725809005965,106.8644530081471,108.842316422953,110.0485667528902,110.5729469109081,112.388921149413,118.2582836227982,124.0273451934751,126.5067131218216
IMF.STA:CPI(4.0.0),FIN.CPI._T.SRP_2010_IX.A,OBS_VALUE,,,OL,,,103.4168075425521,106.3210992121449,107.8928293036493,109.0162053551459,108.7895292240422,109.1775646133774,110.0007798786025,111.1929914135928,112.3317120888382,112.6580969957556,115.1304626656556,123.3317900766984,131.0408202531409,133.0925120430137
IMF.STA:CPI(4.0.0),CAN.CPI._T.SRP_2010_IX.A,OBS_VALUE,,,OL,,,102.9121350887235,104.4719519175729,105.452203777905,107.4627933600457,108.6720091585574,110.2246708643388,111.9848311390956,114.5248998282771,116.7572982255295,117.5944476244991,121.5870062965082,129.8583285632512,134.8955352032055,138.1081854607899
IMF.STA:CPI(4.0.0),ARE.CPI._T.SRP_2010_IX.A,OBS_VALUE,,,OL,,,100.8773465956851,101.5454258896049,102.6635612216307,105.0723241804427,109.3487321378537,111.1174348557019,113.3029209862707,116.7797727075676,114.5246605323427,112.1432311000253,112.345016399902,118.2894451665296,120.2136694744026,122.2132617005727
IMF.STA:CPI(4.0.0),EGY.CPI._T.SRP_2010_IX.A,OBS_VALUE,,,OL,,,110.0649259874818,117.8924457248174,129.0565300128793,142.0528006616658,156.7843726369793,178.4419484794417,231.0941154279007,264.3750553825586,288.5727743762627,303.1310771817081,318.9364813082664,363.2548134844875,486.342894474661,623.8348998360248
IMF.STA:CPI(4.0.0),YEM.CPI._T.SRP_2010_IX.A,OBS_VALUE,,,OL,,,119.5435617131144,131.3609055951969,145.7691505331482,157.5833405376746,,,,,,,,,,
IMF.STA:CPI(4.0.0),OMN.CPI._T.SRP_2010_IX.A,OBS_VALUE,,,OL,,,104.0421886711639,107.1090766320448,108.2375223837867,109.3350669223857,109.4064519330263,110.6199971139162,112.3778530009406,113.3772431499089,113.9337160772312,113.4706861288374,115.379503467114,118.2710782468795,119.3955795501216,120.1042988588876
IMF.STA:CPI(4.0.0),LBN.CPI._T.SRP_2010_IX.A,OBS_VALUE,,,OL,,,104.9714857169238,111.8801572573395,117.2739215258019,119.4488886156495,114.9705762843315,114.0699432098243,118.9993071909053,126.2308820928586,130.0246117613395,240.3691313298167,612.3550150211842,1660.740427212766,5336.650591766157,7751.113674890345
IMF.STA:CPI(4.0.0),QAT.CPI._T.SRP_2010_IX.A,OBS_VALUE,,,OL,,,101.138366235292,103.4800719155526,106.8141766203251,110.3921533723766,112.3947523007637,115.4031009131851,115.8588034248892,116.1551880662905,115.3808498139808,112.4498127443596,115.0411800608865,120.787803986413,124.4448347162533,126.0219777459746
IMF.STA:CPI(4.0.0),BGD.CPI._T.SRP_2010_IX.A,OBS_VALUE,,,OL,,,111.3951651552399,118.3211642504147,127.2312287864872,136.126776861358,144.5588508880129,152.5291403222778,161.226458913586,170.1642433841024,179.6798217470482,189.9055347087794,200.4370391749835,215.8645866244067,237.1995696009473,262.0242794679473
IMF.STA:CPI(4.0.0),SYR.CPI._T.SRP_2010_IX.A,OBS_VALUE,,,OL,,,104.7531638888563,143.199979473582,200.5255630277112,222.4372202606987,307.9891175413567,454.9158235589509,537.1430852484737,542.1975148993242,614.9472206398487,,,,,
IMF.STA:CPI(4.0.0),SAU.CPI._T.SRP_2010_IX.A,OBS_VALUE,,,OL,,,105.8262188616156,108.8594837774424,112.7021747395041,115.2257634111371,116.6138811369483,119.0247655921498,118.0292301556689,120.9294424624054,118.3979671762246,122.4773301401244,126.2291658111329,129.3521684284993,132.3623035746991,134.5964748566293
