Country;1980;1981;1982;1983;1984;1985;1986;1987;1988;1989;1990;1991;1992;1993;1994;1995;1996;1997;1998;1999;2000;2001;2002;2003;2004;2005;2006;2007;2008;2009;2010;2011;2012;2013;2014;2015;2016;2017;2018;2019;2020;2021;2022;2023;2024;2025;2026;2027;2028;2029;2030
Afghanistan;no data;no data;no data;no data;no data;no data;no data;no data;no data;no data;no data;no data;no data;no data;no data;no data;no data;no data;no data;no data;no data;no data;346;270,6;245;206,4;23;20,1;19,1;16,2;7,7;7,5;6,8;6,9;8,7;9,2;8,4;8;7,4;6,1;7,3;11,1;10,6;8,3;no data;no data;no data;no data;no data;no data;no data
Albania;no data;no data;no data;no data;no data;no data;no data;no data;no data;no data;no data;no data;no data;no data;no data;no data;no data;71,3;70,3;67,4;63;59,9;63,3;59,5;56,8;57,5;56;52,9;54,5;59;57;58,7;61,4;69,6;71,1;72,8;72,5;71;68,7;66,6;75,4;74,8;65,2;58,4;55,7;54,3;53,5;52,7;51,9;51;50,1
Algeria;no data;no data;no data;no data;no data;no data;no data;no data;no data;no data;no data;86,1;69,3;76,8;106,3;95,9;90,7;79,6;79,9;69,7;53,4;50;47,3;38,2;32,7;25,4;22,5;12,8;7,6;8,9;9,5;8,5;8,6;6,5;6,9;7,7;18,1;24;34,5;40,9;46;55,1;48,1;47,7;46,2;57,8;67;73,5;77,8;81,3;84,4
Andorra;no data;no data;no data;no data;no data;no data;no data;no data;no data;no data;no data;no data;no data;no data;no data;no data;no data;no data;no data;no data;no data;15,8;15,3;15,2;15,1;14,8;17,2;20,9;27,7;33,5;35;36,5;41,5;42,5;42;41;39,8;37,9;36,3;35,4;46,4;48,6;38,9;35,5;33,2;32;30,9;30;29,5;29;28,6
Angola;no data;no data;no data;no data;no data;no data;no data;no data;no data;no data;no data;no data;no data;no data;no data;no data;no data;no data;no data;no data;118,2;100,2;65,1;50,8;41,6;29,9;16,7;18,8;28,1;48,4;32,6;26,3;23,8;29,5;35,3;50,4;66,7;60,5;82,5;101,4;119,1;74,3;56,1;71,4;62,5;64,5;63,9;62,7;61,5;59,9;57,2
Antigua and Barbuda;no data;no data;no data;no data;no data;no data;no data;no data;no data;no data;94,1;94,6;90,8;85,3;84,5;92,1;85,5;80,6;94,6;95,9;96,4;107,6;114,5;113;107,7;82,8;79,1;68,7;66,8;89,2;79,4;81,1;76,9;85,4;91,9;92,1;83,1;88,2;84,3;81,6;100,5;93;82;76,3;67,1;63,4;63,4;62,7;61,2;59,9;58
Argentina;no data;no data;no data;no data;no data;no data;no data;no data;no data;no data;no data;no data;25;26,9;28,4;30,7;32,6;31,7;34,1;38,9;40,8;48;147,2;125,2;117,9;80,3;70,8;62,1;53,8;55,4;43,5;38,9;40,4;43,5;44,7;52,6;53,1;57;85,2;89,8;103,8;81;84,5;155,4;85,3;73,1;68,2;65,1;63,3;59,3;55,7
Armenia;no data;no data;no data;no data;no data;no data;no data;no data;no data;no data;no data;no data;no data;no data;no data;no data;40,8;46,5;45,2;39,2;39,6;38,1;38,2;33;26,4;24,4;18,7;16,1;16,1;40,2;39,7;42;41,2;40,9;43,7;48,7;56,7;58,9;55,7;53,7;67,4;63,4;49,2;50,7;50,3;54,5;56,2;57,8;58;57,7;57,4
Aruba;no data;no data;no data;no data;no data;no data;no data;no data;no data;no data;no data;no data;no data;no data;no data;55,1;54,8;51,1;41;39,3;38,6;44,3;47,1;40,8;42,5;45,1;45,5;44,6;40,3;48,8;54,7;59,3;65,5;70;77,7;74,2;75,4;75,8;73,3;72,2;115,7;107,9;97,4;85,2;74,4;71,1;67,2;63,7;60,8;58,1;55,5
Australia;no data;no data;no data;no data;no data;no data;no data;no data;no data;17;16,4;21,6;27,6;30,7;31,7;31,1;29,3;25,9;23,7;22,5;19,5;17,1;15;13,2;11,9;10,9;9,9;9,7;11,7;16,6;20,3;24;27,5;30,5;34;37,7;40,6;41,2;41,8;46,7;57,1;55,5;50,2;49;49,8;50,9;50,5;49,8;49,3;49;49
Austria;no data;no data;no data;no data;no data;no data;no data;no data;57,7;56,6;56,2;56,4;56,3;61;64,1;68,2;68,2;63,4;69,2;61,3;66,1;67,2;67,4;66,4;65,9;69,4;68,2;65,8;69,5;80,8;83,7;83,4;82,9;82,4;85,2;85,6;83,4;79,1;74,6;71;83,2;82,4;78,3;78,4;81,2;82,9;84,2;84,1;84,4;84,9;85,6
Azerbaijan;no data;no data;no data;no data;no data;no data;no data;no data;no data;no data;no data;no data;no data;no data;no data;19,2;16,7;11,4;14,3;25,4;13,1;13;11,9;10,7;9,7;6,9;5,3;4;3,2;4,7;5;5;5,8;6,2;8,5;18;20,6;22,5;18,7;17,7;21,3;26,3;17,3;21,8;20,9;21;22,2;22,7;23,1;23,8;23,8
The Bahamas;no data;no data;no data;no data;no data;no data;no data;no data;no data;no data;13,2;15,3;17,9;19,7;20,9;21;20,7;21,5;20,8;19,8;19,2;18,5;19,4;20,8;21,6;23;23,2;23,5;25,3;30,1;33,9;35,3;37,6;44,4;48,3;50,7;51,1;55;62,3;60,7;74,7;99,7;88,6;81,7;78,8;79,4;77,8;77,2;74,9;72,2;69,2
Bahrain;no data;no data;no data;no data;no data;no data;no data;no data;no data;no data;7,2;6,7;6,5;5,9;5,6;13,6;13,1;14,8;20;24,7;24,7;25;27,2;31,1;28,2;23,2;19,4;15,7;12,1;20,5;28,8;31,6;34,8;42,3;42,6;63,2;77,4;84;90,4;97,1;125,7;122,3;111,6;123;134;141,4;147;151,1;155,2;159,1;162,9
Bangladesh;no data;no data;no data;no data;no data;no data;no data;no data;no data;no data;no data;no data;no data;no data;no data;no data;no data;no data;no data;no data;no data;no data;no data;37;36,6;35,6;35,3;35;33,9;33;29,6;29,4;29,1;28,3;28,7;28,2;27,7;28,3;29,6;32;34,5;35,6;37,9;39,3;40,1;40,3;40,7;41,7;42,8;43,1;43,9
Barbados;no data;no data;no data;no data;no data;no data;no data;no data;no data;no data;no data;no data;no data;no data;54,3;54,9;55,3;54,9;49,9;49,7;56,6;62,3;65,5;65,3;64,5;66,3;67,7;68,6;73,8;88,2;95,3;99;108,8;118,4;122,4;131,6;135,3;142,8;114,2;107,6;138,2;121,6;113,7;111,5;102,9;97,7;92,5;87,5;82,7;78,2;73,9
Belarus;no data;no data;no data;no data;no data;no data;no data;no data;no data;no data;no data;no data;no data;no data;no data;no data;no data;no data;no data;no data;no data;no data;no data;no data;9,2;8,1;12,3;15,8;20,3;32,5;36,8;58,2;36,9;36,9;38,8;53;53,5;53,2;47,5;41;47,5;41,2;40,8;40,7;44,4;42,9;43,1;42,5;41,8;41,1;40,3
Belgium;76,8;89,7;99,6;110,3;114,6;119,4;124,7;129,2;129,7;126,4;130,3;131,8;134,7;138,9;137,1;131,3;129;124,3;119,2;115,4;109,6;108,2;105,4;101,7;97,2;95,1;91,5;87,3;93,2;99,9;100,2;102,7;104,3;105;106,5;105,5;105,4;102,4;100;97,5;111,1;108,4;102,6;103,1;104,5;106,4;110;113,6;117,2;121,2;125,6
Belize;no data;no data;no data;no data;no data;no data;no data;no data;no data;no data;no data;no data;no data;no data;no data;no data;no data;no data;no data;no data;no data;49,5;53,2;67,2;70,6;72,7;71,3;66,4;64,6;69,7;68,5;66,4;63,4;62,9;61,5;65,1;70,4;78,1;78,8;78,4;103,3;82,5;66,8;67,2;61;59,5;58,8;58,2;57,8;57,4;57
Benin;no data;no data;no data;no data;no data;no data;no data;no data;no data;no data;no data;no data;no data;no data;no data;no data;no data;no data;53,6;39,4;39,6;38;30,8;23,4;21,5;27;8,4;14,3;18,3;18,7;21;21,9;19,5;18,5;22,3;30,9;35,9;39,6;41,1;41,2;46,1;50,3;54,2;54,9;54;52,5;51,2;50;48,9;47,9;46,9
Bhutan;no data;no data;no data;no data;no data;no data;no data;no data;no data;no data;no data;no data;no data;60,2;53,2;38,7;36,8;33;36,4;39,2;44;52,4;57,7;68,5;76;80,8;80,1;67,3;60,6;61;55,8;62,3;71,5;92,4;89,8;90,2;107,5;104,1;107,3;99,7;114,9;123,3;117,3;115,4;107,8;102,9;116,7;116,2;113,6;125,5;119,6
Bolivia;no data;no data;no data;no data;no data;no data;no data;no data;no data;no data;no data;no data;no data;no data;no data;no data;no data;no data;no data;no data;74,3;83;86,7;95,6;89,8;82,2;54,4;40;36,8;39,2;37,6;35,3;35,4;36,1;37,6;40,9;46,5;51,3;53,1;58,6;78;81,4;80,1;90,8;95;92,4;92,5;no data;no data;no data;no data
Bosnia and Herzegovina;no data;no data;no data;no data;no data;no data;no data;no data;no data;no data;no data;no data;no data;no data;no data;no data;no data;no data;54,4;56;34,6;35,1;31,1;27,6;25,5;24,9;20,6;18,2;30,3;36,4;42,2;40,9;43,6;43,8;47,1;46,4;44,9;38,6;34,9;33,2;37,1;35,6;31;31,6;32,8;33,8;35,7;37,1;37,8;38;38,1
Botswana;no data;no data;no data;no data;no data;no data;no data;no data;no data;no data;no data;no data;no data;no data;no data;no data;no data;no data;11,3;9,3;8,2;7,5;8,4;7,1;10,7;7,5;6,1;5,9;7,8;22,4;26,5;27,9;26,4;23,8;23,9;24,5;22,3;19,6;19,6;21,5;23,5;22,3;21;22,5;32,6;43;49,3;53,6;55,6;56,6;57,9
Brazil;no data;no data;no data;no data;no data;no data;no data;no data;no data;no data;no data;no data;no data;no data;no data;no data;no data;no data;no data;no data;62,2;67,3;76,1;71,5;68;67;64,6;63;61,4;64,7;62,4;60,6;61,6;59,6;61,6;71,7;77,4;82,7;84,8;87,1;96;88,9;83,9;84;87,3;92;96;98,1;99,1;99,4;99,4
Brunei;no data;no data;no data;no data;no data;0;0;0;0;0;0;0;0;0;0;0;0;0;0;0;0;0;0;0;0;0;0,6;0,7;0,9;1,1;1,1;2,1;2,1;2,2;3,2;3;3;2,8;2,6;2,6;2,9;2,5;2,1;2,3;2,3;2,2;2,1;2;1,9;1,8;1,7
Bulgaria;no data;no data;no data;no data;no data;no data;no data;no data;no data;no data;no data;no data;no data;no data;no data;no data;no data;no data;67,3;78,7;73,3;67,1;53,4;45,4;37,8;28,5;22,6;17,6;14,7;14,5;14,1;14,3;16,5;17,2;26,3;25,4;27;22,9;20,1;18,4;22,7;22,4;21,5;21,9;23,4;28;29,5;31,2;32,9;34,6;36,5
Burkina Faso;no data;no data;no data;no data;no data;no data;no data;no data;no data;no data;no data;no data;no data;no data;no data;no data;no data;no data;no data;no data;no data;no data;43,3;39,7;40,7;39,2;20,1;22,4;24,9;25,9;22,7;28,4;25,2;25,9;26,1;31,3;32,9;33,9;38,1;41,7;43,6;55,4;56,4;52,7;52,7;50,2;49,8;49,9;49,3;48,6;48,2
Burundi;no data;no data;no data;no data;no data;no data;no data;no data;no data;no data;no data;no data;no data;no data;no data;no data;no data;no data;no data;no data;136,4;127,4;159,1;172;172,7;137;130,3;129,6;102,5;25,7;46,9;42,7;41,4;37,9;38;39,9;46,1;46,9;53;60,1;65,9;66,5;68,3;47,2;43,2;35,3;33,2;33,3;34,2;35,9;37
Cabo Verde;no data;no data;no data;no data;no data;no data;no data;no data;no data;no data;no data;no data;no data;no data;no data;no data;no data;79,3;72,9;66,4;71,9;62,2;64,7;65,6;67,8;66,7;66,2;59,6;57,5;58,8;73,5;71,6;82,9;93,5;105,6;115,6;115,4;112,8;112;109,4;143,8;149,1;124;114;113,7;109,6;103,9;97,6;91,9;86,5;81,8
Cambodia;no data;no data;no data;no data;no data;no data;no data;no data;no data;no data;no data;no data;no data;no data;no data;no data;30,1;31,4;37,2;34,6;34,9;33,5;37,8;39,8;38,7;31,7;26,7;25,1;23;23,7;23,4;23,8;24,9;24,4;24,2;23,3;21,8;22,6;21,1;20,8;25,2;25,9;25;25,7;26,6;29,1;30,7;31,9;33;34;35
Cameroon;no data;no data;no data;no data;no data;no data;no data;no data;no data;no data;no data;no data;no data;no data;no data;no data;no data;no data;67,8;68,4;75,9;62,2;56,6;51,5;51,7;43,8;18,4;13,8;11,2;11,3;14;15;14,9;17,5;20,7;31,6;32,1;36,5;38,3;41,6;44,9;47,2;45,6;43,2;42,7;39,9;38,6;37,1;35,6;34,2;33
Canada;44,6;46,1;51,7;57,2;60,2;65,2;69,3;69,8;69,7;71;73,7;81,7;88,2;94,7;97,5;100,1;100,2;95,3;93,3;89;80,4;81,5;79,6;75,9;71,9;70,6;69,9;67,2;70,4;81,8;84;84,3;87,2;87,6;85,5;92;92,4;90,9;90,8;90,2;118,1;112,6;104,2;107,7;110,8;112,5;110,9;109,4;107,9;106,2;104,1
Central African Republic;no data;no data;no data;no data;no data;no data;no data;no data;no data;no data;no data;no data;no data;no data;no data;no data;no data;96,1;85,3;84,2;94,7;103,1;98,5;95,9;99,7;103;46,7;47,9;35,8;20,3;19,9;19,7;31,5;51,8;62,2;59,8;53,9;50,3;50;48,2;44,4;48,5;51;58,2;60,7;58,3;53;47,4;43,9;43,2;41,8
Chad;no data;no data;no data;no data;no data;no data;no data;no data;no data;no data;no data;no data;no data;no data;no data;no data;no data;no data;no data;44,7;52,4;43,5;42;34,4;25,2;22;20,1;17,6;15,7;23,9;22,9;22,3;19,9;22,3;29,5;31,3;40,3;38,9;33,4;38,2;41,1;41,6;32,2;32,6;33,8;33,9;33,8;33;31,2;28,9;28,3
Chile;no data;no data;no data;no data;no data;no data;no data;no data;no data;no data;no data;37,1;30,5;28,1;22,6;17,3;14,6;12,8;12,1;13,3;13,1;14,3;15;12,6;10,3;7;5;3,9;4,9;5,8;8,6;11,1;11,9;12,8;15;17,4;21,1;23,7;25,8;28,3;32,4;36,4;37,9;39,4;42;43;43,4;43,2;43,5;43,5;44,3
China;no data;no data;no data;no data;no data;no data;no data;no data;no data;no data;no data;no data;no data;no data;no data;21,4;21,2;20,4;20,4;21,6;22,7;24,3;25,6;26,4;26;25,9;25,2;28,7;26,7;34;33,3;33,2;33,8;36,4;39,3;40,8;49,7;53,9;55,6;59,4;69;70,1;75,5;82;88,3;96,3;102,3;105,9;109,2;112,6;116
Colombia;no data;no data;no data;no data;no data;no data;no data;no data;no data;no data;no data;no data;no data;no data;no data;no data;23,3;25,3;27,5;34;38;41,1;47,5;45;41,5;38,5;36;32,7;32,4;35,4;36,5;35,8;34;37,6;43,3;50,4;49,9;49,4;51,8;51;65,3;64,4;61,3;55,5;61,3;59,7;59,9;59,9;59,8;59,4;58,9
Comoros;no data;no data;no data;no data;150,1;142,8;136,6;128,8;119,9;113,7;108,1;103,9;101;95,7;87,8;77,7;75,4;70,9;69,4;64,5;60,7;53;48,2;44,4;42,4;39,9;38,5;35,6;33,2;31,7;30,5;27,7;25,1;10,3;11,8;14,3;16,2;18,9;17;21,2;24,3;26,3;28,2;28,7;30,8;32,5;34,9;35,8;37,6;38,1;37,8
Democratic Republic of the Congo;no data;no data;no data;no data;no data;no data;no data;no data;no data;no data;no data;no data;no data;no data;no data;no data;no data;no data;no data;no data;135;185,4;136;114,5;164,1;112;107,5;85,1;80,3;91,6;31,8;29,3;25,1;23,8;22,8;25,5;33;23,2;19,3;19,4;24,9;24,7;22,6;25,1;19,3;16,3;13,8;11,5;9,2;7,2;5,8
Republic of the Congo;no data;no data;no data;no data;no data;no data;no data;no data;no data;0;0;0;0;0;0;0;0;0;0;0;145;180,1;163,5;185,3;122,6;99,8;94,7;93,8;69,6;83,8;43,5;34,4;30,2;33,9;42,3;74,2;84,6;88,5;71,2;77,6;102,5;97,8;92,5;99;95,4;91,4;87,1;80,3;72;63,3;55,2
Costa Rica;no data;no data;no data;no data;no data;no data;no data;no data;no data;no data;no data;no data;no data;no data;no data;no data;33,7;30,6;40,7;39;38,9;39,6;41,4;40,6;41;37,3;33;27;24;26;28,1;29,5;33,7;35,1;37,4;39,8;44,1;47,1;51,8;56,4;66,9;67,6;63;61,1;59,8;59,7;59;57,9;56,7;55,3;53,7
Croatia;no data;no data;no data;no data;no data;no data;no data;no data;no data;no data;no data;no data;no data;no data;no data;no data;no data;no data;23,3;30;35,4;36,6;36,5;37,8;40;40,9;38,4;37,1;38,9;47,9;56,8;63,1;68,9;79,5;83,2;82,8;79,3;76,2;72,8;70,9;86,5;78,2;68,5;61,8;57,6;55,9;55,5;55,2;54,7;54,4;54
Cyprus;no data;no data;no data;no data;no data;no data;no data;no data;no data;no data;no data;no data;no data;no data;no data;46,7;48,8;53,5;55;55,7;56;57,5;61;63;64,7;64;59;53,1;44,1;52,8;55,3;64,8;79,2;102,7;113;111,6;106,8;96,4;100,7;92,3;113,6;96,5;81;73,6;65,4;60,3;55;49,8;44,6;41,2;38,3
Czech Republic;no data;no data;no data;no data;no data;no data;no data;no data;no data;no data;no data;no data;no data;no data;no data;13,5;11,5;12,1;13,9;15,1;16,9;22,6;25,7;28,1;28,3;27,7;27,6;27,3;28,2;33,4;36,7;39,4;43,8;44,1;41,5;39,5;36,2;33,8;31,7;29,6;36,9;40,7;42,5;42,4;43;44,2;45,6;46,3;47,4;48,7;50,3
Côte d'Ivoire;no data;no data;no data;no data;no data;no data;no data;no data;no data;no data;no data;no data;no data;no data;no data;no data;no data;84,2;75,2;78;74;71,2;63;56,4;56,7;58,2;57,5;53,5;51,2;46,5;45,6;50;24,7;24,6;26,7;29,2;31,1;32,6;35,3;37,2;46,3;50,2;56;57,5;59,3;58,1;56,4;54,9;53,1;52;50,7
Denmark;no data;no data;no data;no data;no data;no data;no data;no data;no data;no data;no data;no data;66,7;78,7;75,3;71,5;68,3;64,4;60,3;56,8;53,6;50,1;50,3;48,2;46,2;39,4;33,2;29,5;35,5;43;46,1;50;48,7;47,8;48,7;44,6;41,7;40,2;38,5;38,3;46,3;40,5;34,1;33,6;28;26,6;26,1;25,7;25,6;25,8;25,4
Djibouti;no data;no data;no data;no data;no data;no data;no data;no data;no data;no data;no data;no data;no data;no data;no data;no data;no data;no data;no data;no data;no data;no data;no data;no data;no data;no data;no data;no data;no data;29,5;27,9;25,7;25;24,6;26,9;40,3;45,9;48;47,5;41,1;42,1;40,3;38,3;35,4;33,3;31,2;28;25,1;21,8;19;16,4
Dominica;no data;no data;no data;no data;no data;no data;no data;no data;no data;no data;54,1;56,9;54;53,4;55,9;57,4;53,7;47,7;56,3;61,8;68,9;98,5;97,9;94,9;86,2;82;77,4;71,8;64,4;62,5;66,8;69,7;73,1;73,9;72,1;68,9;76,5;84;85,6;97,7;112,5;108,5;104,3;99,9;101;97,8;95,2;92,5;89,9;87,2;84,3
Dominican Republic;no data;no data;no data;no data;no data;no data;no data;no data;no data;no data;no data;no data;no data;no data;no data;no data;no data;13,8;13,2;16;16,7;20,4;21,5;48,2;34,3;38,3;36;32,9;33,6;36,8;37,4;39,1;42,4;46,8;45;44,8;46,7;49,5;50,8;53,5;71,8;62,8;59,6;60,5;58,8;58,2;57,1;55,5;53,5;51,3;49,1
Ecuador;no data;no data;no data;no data;no data;no data;no data;no data;no data;no data;no data;no data;no data;no data;no data;no data;no data;no data;no data;no data;no data;63,8;55;47,2;40,2;35,8;33,1;29,6;24,9;19,7;18,4;18,6;19,3;23,4;28,2;36,4;46,1;47,4;49,5;52,1;63,6;61,8;57,2;54,3;55;no data;no data;no data;no data;no data;no data
Egypt;no data;no data;no data;no data;no data;no data;no data;no data;no data;no data;no data;no data;no data;no data;no data;no data;no data;no data;73,8;72,4;71,7;79,1;85,8;97,1;96,5;98,3;85,9;76,3;66,8;69,5;69,6;72,8;69,9;79,8;80,9;83,8;91,6;97,8;87,9;80,1;86,2;89,9;88,5;95,9;90,9;86,6;85,1;82;78,7;75,3;71,4
El Salvador;no data;no data;no data;no data;no data;no data;no data;no data;no data;no data;no data;43,3;36,4;31,9;30,5;28;28,5;27,8;25,7;28;29,6;37,8;43,8;46;46,8;46,3;52,6;52,2;54,2;65,8;66,8;65,6;70;69,7;71,8;73,5;75,2;77,1;77;77,9;95,4;88;83,3;84,7;87,6;87,9;86,5;84,6;83;81,1;78,9
Equatorial Guinea;146,2;221,1;260,7;259,3;257,9;183,8;152,5;141,3;154,5;187;157;169,5;136,9;152,6;216;136,9;91,2;46,3;59,2;60,5;36,6;25,5;19,4;6,8;4,5;2,8;1,2;0,8;0,5;4,3;7,9;7,2;7,1;6,3;12,6;31,7;41,1;36,2;40,6;43,2;49,4;42,3;29,8;36,3;36,2;35,1;36,5;40,1;44,6;49,8;51,3
Eritrea;no data;no data;no data;no data;no data;no data;no data;no data;no data;no data;no data;no data;no data;no data;no data;no data;no data;no data;no data;no data;219,1;238,6;243,4;264;193,5;205,4;199;201,3;259,7;207,1;201,8;171,6;171,6;232,4;204,5;271,4;251,2;290,4;267,1;260,4;no data;no data;no data;no data;no data;no data;no data;no data;no data;no data;no data
Estonia;no data;no data;no data;no data;no data;no data;no data;no data;no data;no data;no data;no data;no data;no data;no data;8,7;7,3;6;5,4;5,9;5,1;4,9;5,7;5,6;5,2;4,7;4,7;3,9;4,7;8;8;7,6;11,1;11,4;11,6;10,8;10,2;9,4;8,5;9;19,1;18,4;19,1;20,2;23,6;25,4;27,3;29,3;30,3;32,6;35,2
Eswatini;no data;no data;no data;no data;no data;no data;no data;no data;no data;no data;no data;no data;no data;14,5;12,7;12,1;11,2;12,3;15,2;16,2;17,7;21;16,7;17,2;14,6;13,2;14,2;15,7;14,2;10,3;13,8;14,2;14,4;14,7;13,6;15,4;19,8;21,9;26,5;31,4;38,7;37;40,7;37,3;36,4;37,8;39;39,2;39,4;39,8;40
Ethiopia;no data;no data;no data;no data;no data;no data;no data;no data;no data;no data;no data;no data;87,9;141;155,2;146,6;132,8;80,3;89,3;97,8;93,6;97,3;107,4;103,7;103,1;78,2;79,6;55,7;56,1;30;39,4;44,6;39,4;44,1;44,2;50,7;51,8;55,3;58,4;54,7;53,7;53,8;46,9;38,7;32,3;41,8;37;34,6;32,7;31;29,5
Fiji;no data;no data;no data;no data;no data;no data;no data;no data;no data;no data;no data;no data;44,3;45,9;48,8;49,1;50,3;54,4;37,9;34,7;35,9;41,9;44,5;46,4;45,9;45,3;50,3;46,4;47,9;51,5;53,4;51;48,6;47,4;46,2;44,3;44,6;43,4;45,8;49;63,6;83,3;91,2;83,3;80;78,2;78,2;78,1;77,8;77,4;77,2
Finland;10,9;11,5;13,9;15,4;15,2;15,8;16,4;17,6;16,5;14,3;13,9;21,9;39,3;54,2;56,2;55,2;55,4;52,2;46,8;44;42,4;40,9;40,1;42,7;42,6;39,9;38;33,9;32,6;41,5;50,1;52;57,9;60,8;64,8;68,8;68,6;66,6;65,3;65,2;75,4;73,2;74;77,3;82,5;86,4;88;88,6;89,4;90,1;90,5
France;21,3;22,6;26,2;27,7;30,2;31,9;32,4;34,8;34,7;35,5;36,8;37,8;41,7;48,2;51,6;57,8;60,6;62;62,1;61,4;59,7;59,3;61,3;65,4;66,9;68,2;65,4;65,5;69,8;84,1;86,3;88,7;91,7;94,5;96,1;96,9;98,1;98,7;98,5;98,1;114,8;112,7;111,3;109,7;113,1;116,3;119,1;121,6;123,9;126,1;128,4
Gabon;no data;no data;no data;no data;no data;no data;no data;no data;no data;no data;90;89,3;87,9;90,1;71,3;73,4;64,5;57;87,6;73,1;72,5;81;81,1;70,2;60,3;41,7;34,9;39,2;20,1;26;21,3;21,4;21,4;31,1;34,1;44,7;64,5;62,9;62,3;59,8;83;72,9;65,6;70,6;73,4;79,2;83,9;87,4;90,9;94,7;98,6
Gambia, The;no data;no data;no data;no data;no data;no data;no data;no data;no data;no data;no data;no data;no data;no data;no data;no data;no data;no data;no data;no data;73,3;75,2;93,9;91,7;81,3;82,6;87,3;38;39,5;38,9;42,9;49,2;49,5;58,2;71,1;69,4;79,3;87;83,6;83;85,9;83,1;83,9;75,7;72,9;67,5;63,1;57,9;52,8;48,2;44,4
Georgia;no data;no data;no data;no data;no data;no data;no data;no data;no data;no data;no data;no data;no data;no data;no data;no data;no data;no data;no data;no data;58,5;53;50,3;54,6;44,3;35,3;28,3;22,5;26,3;33,6;31,4;27,7;28,1;28,9;30,3;36;39,5;38,9;38,2;40;59,6;49,1;39,2;38,9;36,1;35,8;35,3;35,6;35,9;35,7;35,8
Germany;no data;no data;no data;no data;no data;no data;no data;no data;no data;no data;no data;39,5;41,9;45,5;47,9;55,3;58,1;59,2;59,8;60,3;59,2;58,1;59,8;63,3;65;67,1;66,4;63,7;65,2;72,3;81;78,5;79,8;77,4;74,5;71,2;68,3;64;60,8;58,7;68;68,1;65;62,9;63,9;65,4;67;68,5;70,4;72,5;74,8
Ghana;no data;no data;no data;no data;no data;no data;no data;no data;no data;no data;17,8;17,3;21,3;34,1;50,6;47,6;42,9;45,2;37,6;51,7;74,5;57,8;54,1;49,3;38,4;31,7;17,3;21,1;23,2;25,4;32,9;31,2;35,5;42,9;50,1;53,9;55,9;57;62;58,3;72,3;79,2;85,7;76,4;70,5;66,4;62,7;59,9;57;54,1;52
Greece;22,8;27,1;29,7;34,1;40,6;47,3;47,8;53,2;57,9;60,7;74,2;75,7;81,1;101,7;99,7;100,4;103,7;102,6;100,8;102,8;108,9;110,5;107,9;104,3;105,5;109,9;105,3;104,6;110,9;128,5;147,8;175,1;164,3;180,5;182,8;180;183,7;182,6;189,6;183,7;209,9;197,8;178,4;165,2;150,9;142,2;137,9;134,5;131,4;128,4;125,1
Grenada;no data;no data;no data;no data;no data;no data;no data;no data;no data;no data;no data;42;40,1;45,3;45,7;43,1;43,9;41,4;40,3;34,5;41,6;44,6;79,1;79,6;94,7;87,3;92,9;89,1;83,9;91,1;96,2;102,8;101,5;105,4;99,3;90,1;81,6;70,4;68,5;62,7;89,5;86,6;78,8;75,2;73,2;71,4;66,5;65,2;62,9;60,7;58,2
Guatemala;no data;no data;no data;no data;no data;no data;no data;no data;no data;no data;no data;no data;no data;no data;no data;no data;no data;no data;no data;no data;18;19,1;17,4;19,8;20,6;20;20,9;20,8;19,6;22,8;24;23,8;24,6;25;24,7;24,8;24,9;25,1;26,4;26,4;31,5;30,6;29;27,2;26,5;27,2;27,7;28,1;28,3;28,3;28,3
Guinea;no data;no data;no data;no data;no data;no data;no data;no data;no data;no data;71,6;70,9;62;68,9;71,3;66,5;67,7;67,9;75,9;92,3;91,5;90,4;82,6;81,6;86,9;97,9;95,2;60,8;58,5;61,3;71,1;53,8;26,9;34;35,2;44,4;43;41,9;39,3;38,6;47,9;42,9;40,6;37,3;47,8;39,6;35,1;31,5;27,9;24,8;22,9
Guinea-Bissau;no data;no data;no data;no data;no data;no data;no data;no data;no data;no data;no data;no data;no data;no data;no data;no data;no data;94,3;109,1;109,9;217,1;204,4;197,5;183,4;202;203,7;190,4;164;148,8;148,3;61,7;45,6;47,4;49,6;60,1;56,3;59,1;51,8;59,1;65,1;77,6;78,8;80,7;79,4;82,3;79,4;76,7;74,1;72;70;68,1
Guyana;no data;no data;no data;no data;no data;no data;no data;no data;no data;no data;no data;no data;no data;no data;no data;no data;no data;101,3;108;97,1;97,2;104,6;105,1;95,6;91,8;90,7;74,5;47;47,6;51,7;52,5;51,2;44,3;41,1;38,3;41,8;43,8;42,9;47;43,6;51,1;41,2;24,8;26,7;24,3;27,7;28,4;27,5;26,8;25,6;25,3
Haiti;no data;no data;no data;no data;no data;no data;no data;no data;no data;no data;no data;no data;no data;no data;no data;no data;no data;26,2;24;24,1;32,5;28,8;32;37,8;30,4;29,7;32,2;24,4;33,9;19,4;24,9;22,3;24,1;25,1;21,4;23,9;24,4;22,5;24,1;26,5;22,3;28,9;29,5;28,5;14,9;11,8;10,3;10,3;10,3;10,9;11,4
Honduras;no data;no data;no data;no data;no data;no data;no data;no data;no data;no data;236,5;135,4;123,2;111,7;85,5;65,4;64,6;70,8;67,4;75,8;65,8;63,4;64,2;67,8;60,9;55,6;39,2;24;22,3;23,8;21,8;24,8;27,1;37,3;35,2;38,5;39,6;41,5;42,6;43,5;53,7;51;48,7;44,9;42,6;43;43,5;41;41,5;40;34,6
Hong Kong S.A.R.;no data;no data;no data;no data;no data;no data;no data;no data;no data;no data;no data;no data;no data;no data;no data;no data;no data;no data;no data;no data;no data;no data;no data;no data;1,9;1,7;1,4;1,2;1;0,7;0,6;0,6;0,5;0,5;0,1;0,1;0,1;0,1;0,1;0,3;1;1,9;4,3;6,3;9,3;11,8;14,3;14,3;14,7;14,7;14,6
Hungary;no data;no data;no data;no data;no data;no data;no data;no data;no data;no data;no data;no data;no data;no data;no data;83,9;71,2;62,2;60,4;60,3;55,6;52,2;55,6;58,2;58,9;60,6;64,5;65,6;71,8;78,2;80,2;80,5;78,4;77,2;76,5;75,7;74,6;72;68,8;65;78,7;76,2;73,9;73;73,5;73,5;73,4;73,5;73,4;73,4;73,2
Iceland;no data;no data;28,9;30,8;32,4;32;29,9;27,3;30,6;35,3;35,5;37,6;45,4;52,3;54,8;58,1;55,6;52;44;76,6;75,8;83,4;82,2;85,1;80,9;68,9;70,7;68,4;110,4;128,8;133,1;138,2;133,9;122;115,3;97,3;82,5;71,7;63,2;66,5;77,5;74,9;67,5;62;59,1;52,9;49,8;47,3;45;42,7;40,5
India;no data;no data;no data;no data;no data;no data;no data;no data;no data;no data;no data;76,7;78,8;78,3;74,8;70,9;67,1;69;69,3;71,3;74,9;80,1;84,3;85,9;84,9;82,4;77,9;75,5;74,4;72,8;67,7;68,6;68;67,7;67,1;69;68,9;69,7;70,4;75;88,4;83,5;82,2;81,2;81,3;80,4;79,6;78,8;77,9;76,9;75,8
Indonesia;no data;no data;no data;no data;no data;no data;no data;no data;no data;no data;no data;no data;no data;no data;no data;no data;no data;no data;no data;no data;87,4;73,7;62,3;55,6;51,3;42,6;35,8;38,1;30,3;26,5;26,4;23,1;23;24,9;24,6;27;28;29,4;30,4;30,6;39,7;41,1;40,1;39,6;40,2;41;41;41;40,9;40,8;40,6
Iran;no data;no data;no data;no data;no data;no data;no data;no data;no data;no data;no data;no data;no data;no data;no data;no data;35,8;37,7;36,2;27,1;22,2;25,6;28,5;26,8;25,7;22,2;18,2;16,1;12,4;13,3;14,8;12,3;13,6;11,8;12,6;37;47,9;45;42,9;46,6;48,3;42,4;36,9;33,5;36,8;39,9;41,9;43,2;44,3;45,1;45,3
Iraq;no data;no data;no data;no data;no data;no data;no data;no data;no data;no data;no data;no data;no data;no data;no data;no data;no data;no data;no data;no data;no data;no data;no data;no data;344,3;227,3;143,2;117,1;74,2;87,4;53,5;40,7;34,8;32;27,6;48,3;60,3;55,9;44,4;41,7;72,5;54,7;39;42,1;42,9;50,2;56;58,2;60,4;62,4;64
Ireland;no data;no data;no data;no data;no data;no data;no data;no data;no data;no data;no data;no data;no data;no data;no data;78,5;69,8;61,6;51,4;46,6;36,4;33,6;30,9;29,8;28,1;26,1;23,7;23,9;42,5;61,8;86,1;109,4;118,7;117,5;101,3;74;72,6;65,2;61,5;55,9;57;52,6;43,1;43,3;41,1;36,7;34,3;32,8;31;29,3;28
Israel;no data;no data;no data;no data;no data;no data;no data;no data;no data;no data;no data;no data;no data;no data;no data;no data;no data;no data;no data;no data;77,1;81;87,1;89,5;88,2;85,2;77,5;70,7;70,1;72,5;68,9;67,1;66,8;65,9;64,7;63;61,6;59,6;59,9;59,1;71,1;67,8;60,5;61,6;67,9;69,1;69,3;69,6;69,8;70;70,2
Italy;no data;no data;no data;no data;no data;no data;no data;no data;95,7;98,4;101,7;105,3;113;124,1;130,8;119,1;118,9;116,5;113,9;113,1;108,7;108,5;105,9;105,1;104,7;106,2;106,3;103,5;105,8;116,1;118,7;119,1;125,9;131,8;134,8;134,7;134,2;133,7;134,1;133,8;154,3;145,7;138,3;134,6;135,3;137,3;138,5;138,6;138,2;137,7;137,7
Jamaica;no data;no data;no data;no data;no data;no data;no data;no data;no data;no data;no data;no data;no data;no data;no data;no data;no data;no data;no data;82,7;91,8;108;118,4;123,2;119,9;124,7;117,1;114,5;127;141,9;141,4;139,5;143,9;138,7;137,9;121,9;113,7;101,2;94,4;94,3;109,7;94,2;77;73,4;69,2;64,6;62,2;59,8;57,3;54,8;52,4
Japan;47,8;52,8;57,7;63,5;65,6;68,3;74,1;75,8;71,9;65,7;63,2;62,4;66,8;72,8;84,4;92,5;98,1;105;116;129,5;135,6;145,1;154,1;160;169,5;174,6;174,1;173;180,9;198,8;205,9;219,2;226,1;229,5;233,3;228,3;232,4;231,3;232,4;236,4;258,4;253,7;248,3;240;236,7;234,9;233,7;232,1;231,2;231,1;231,7
Jordan;no data;no data;no data;no data;no data;no data;no data;no data;183,8;219,1;227,5;207,7;155,1;140,6;129;117,8;116,5;109;110,8;109;99,3;94,4;94,9;88,8;81,5;73;66,3;64,3;54,2;58;59,4;62,1;70,5;75,6;75;78,4;77,4;75,7;74,3;78;87,9;98,2;97,9;97;95,9;92,6;88,6;84,8;82,9;80,3;77,7
Kazakhstan;no data;no data;no data;no data;no data;no data;no data;no data;no data;no data;no data;no data;no data;no data;no data;no data;no data;no data;no data;no data;no data;no data;17,6;15;11,4;8,1;6,7;4,1;6,8;10,2;10,7;10,2;12,1;12,6;14,5;21,9;19,7;19,9;20,3;19,9;26,4;25,1;23,5;23;24,8;25,4;27,9;29,9;31,8;33,5;34,6
Kenya;no data;no data;no data;no data;no data;no data;no data;no data;no data;no data;no data;no data;no data;no data;no data;no data;no data;no data;38,5;38,4;43,1;41,3;42;43,8;40,8;37,4;37,1;34,2;34,3;36;36,7;35,7;37,6;39,8;41,3;45,8;50,4;53,9;56,4;59,1;68;68,2;67,8;73;65,6;68,3;70,2;69,8;68,1;66,2;64,4
Kiribati;no data;no data;no data;no data;no data;no data;no data;no data;2,5;5;7,7;8,4;7,3;10,9;12,3;12,3;11;10,7;9,8;11,8;12,7;17;13,3;12,3;13,6;12,1;12,9;11,1;13,9;10,3;9,4;8,8;8,1;8,9;9;18,8;21,2;20,2;19;19;21;17,3;16,3;11,4;9,9;8,8;16,4;22,5;27,2;33,1;39,1
Korea, Republic of;no data;no data;no data;no data;no data;no data;no data;no data;no data;no data;12,8;11,9;11,6;10,9;9,6;8,5;7,8;9,7;13,8;15,8;16,1;16,6;16,4;19,1;21,6;24,9;27;26,3;25,9;28,8;28,3;31,7;33,5;36;37,9;38,8;39,1;38;37,9;39,7;45,9;48;49,8;50,7;52,5;54,5;55,7;56,6;57,5;58,4;59,2
Kosovo;no data;no data;no data;no data;no data;no data;no data;no data;no data;no data;no data;no data;no data;no data;no data;no data;no data;no data;no data;no data;no data;no data;no data;no data;no data;no data;16,3;14,3;10,8;6,9;6,5;5,6;8,6;9,4;11,2;13,4;14,5;16,4;17,1;17,7;22,5;21,6;20;17,5;16,9;18,5;20;21,3;22,5;23,6;24,4
Kuwait;no data;no data;no data;no data;no data;no data;no data;no data;no data;no data;no data;45,3;27,9;28,8;37,7;34,9;26,5;24,3;25,6;25,5;21,4;23;21,3;17,2;13,9;10,2;7,8;7;5,4;6,7;6,2;4,6;3,6;3,1;3,4;4,6;9,9;19,6;14,3;10,5;10,2;7,2;2,9;3,2;3;7,4;10,8;15,3;19,4;23,5;24,4
Kyrgyz Republic;no data;no data;no data;no data;no data;no data;no data;no data;no data;no data;no data;no data;no data;no data;no data;no data;no data;no data;no data;no data;123,3;108,2;107,9;108,2;92,7;85,7;73,4;57,7;49;58,5;59,7;50,1;50,5;47,1;53,6;67,1;59,1;58,8;54,8;48,8;63,6;56,2;46,8;42;36,6;38,5;39,5;40,3;41,2;41,3;41,9
Lao P.D.R.;no data;no data;no data;no data;no data;no data;no data;no data;no data;no data;no data;no data;no data;no data;no data;no data;no data;no data;no data;no data;no data;94,7;95,3;90,1;80,7;73,2;60;55,9;51,7;51,8;49,3;43;46,1;49,5;53,5;53,1;54,5;57,2;60,6;69,1;76;92,9;130,7;115,6;96,4;91,4;87,6;84,4;81,8;79,5;77,2
Latvia;no data;no data;no data;no data;no data;no data;no data;no data;no data;no data;no data;no data;no data;no data;no data;no data;no data;no data;9,8;14,8;15,1;17,8;15,4;15,4;15,3;12,5;10,7;9;19,3;37,6;48,2;46,8;44,4;41,8;43,1;38,3;41,7;40,3;38,3;37,9;44;45,9;44,4;44,6;47,4;48,3;48,3;48,5;48,6;48,5;48,4
Lebanon;no data;no data;no data;no data;no data;no data;no data;no data;no data;no data;no data;no data;no data;no data;no data;no data;no data;no data;no data;no data;148,1;163,1;163,1;171,3;169,5;178,9;183,3;169,3;161,5;144,5;136,8;134,4;131,1;135,4;138,4;140,8;146,4;150;155,1;172,1;148,7;360,9;246,5;192,1;164,1;no data;no data;no data;no data;no data;no data
Lesotho;no data;no data;no data;no data;no data;no data;no data;no data;23,3;25,5;18;11,9;64,4;71,2;67;62,8;71,6;65,7;79,4;83;88,5;108,7;79,6;52,6;49,4;41;43,7;49,6;47;35,9;33,8;36,2;39,8;41,2;41,5;45,8;41,5;41;48,2;58,2;54,7;58;64,6;61,5;59,8;59,7;60,4;60,5;60,5;60,2;59,2
Liberia;no data;no data;no data;no data;no data;no data;no data;no data;no data;no data;no data;no data;no data;no data;no data;no data;no data;no data;no data;no data;468,1;465,2;463,6;600,1;543,4;488,5;451;366,8;235,3;132,2;25,4;22,5;20,5;20,6;24,3;24,8;28,6;31,8;37,1;48,6;58,7;53,3;54,3;58,8;56,5;56,5;55,6;54,1;52,1;49,7;47,9
Lithuania;no data;no data;no data;no data;no data;no data;no data;no data;no data;no data;no data;no data;no data;no data;no data;no data;no data;no data;21,7;28;23,5;22,9;22,1;20,4;18,6;17,6;17,3;15,9;14,6;27,9;36,7;37,5;39,9;38,9;40,7;42,6;40;39,3;33,3;35,6;45,9;43,3;38,1;37,3;38,2;41,8;45,3;47,4;47,9;48;48
Luxembourg;no data;no data;no data;no data;no data;no data;no data;no data;no data;no data;no data;no data;no data;no data;no data;10,3;10,2;10,1;9,5;8,4;7,5;7,6;7,4;7,4;7,8;8;8,2;8,1;14,6;15,3;19,1;18,5;20,8;22,4;21,9;21,1;19,6;21,8;20,9;22,3;24,5;24,2;24,9;25;26;26,4;27,2;27,6;28,3;28,8;29,2
Macao S.A.R;no data;no data;no data;no data;no data;no data;no data;no data;no data;no data;no data;no data;no data;no data;no data;no data;no data;no data;no data;no data;no data;0;0;0;0;0;0;0;0;0;0;0;0;0;0;0;0;0;0;0;0;0;0;0;0;0;0;0;0;0;0
Madagascar;no data;no data;no data;no data;no data;no data;no data;no data;no data;no data;92,7;113,8;110,9;105,2;96;95,8;98,7;89,7;108,5;104,1;90,2;82,1;86,7;85,9;81,9;74,4;32,2;28,2;31;34,9;32,3;29,9;30,4;36,2;37,8;44,1;40,3;40,1;42,9;41,3;52,1;49,5;50;52,7;50,4;51,3;52,5;53,2;54,6;55;53,2
Malawi;no data;no data;no data;no data;no data;no data;no data;no data;no data;no data;no data;no data;no data;no data;no data;no data;no data;no data;no data;no data;no data;no data;101,5;84,7;74,7;70,9;17,9;18,9;23,5;23,5;19,3;20;28,6;35,3;33,5;35,5;37,1;40;40,8;41,2;53,9;66,5;75,5;86,1;74,4;73;73,4;72,6;71,4;69,9;68,7
Malaysia;no data;no data;no data;no data;no data;no data;no data;no data;no data;no data;74,1;67,3;59,1;51,1;43,7;38,2;32,8;29,6;33,6;34,4;32,5;38,1;39,5;41,4;42;40,8;39,7;39,3;39,4;50,4;51,2;51,9;53,8;55,7;55,4;57;55,8;54,4;55,6;57,1;67,7;69,2;65,5;69,7;70,4;70,1;69,8;70,1;70,4;70,6;70,8
Maldives;no data;no data;no data;no data;no data;no data;no data;no data;no data;no data;no data;no data;no data;no data;no data;no data;no data;38,1;39,3;38,9;39;41,8;44,3;37,6;34,7;43,2;36,8;35,8;39;48,4;52,7;51,9;57,1;55,9;55,1;54,8;61,9;63,8;70,7;77,2;155,7;123,4;111,6;123;134;140,8;144,1;147,5;149,6;150,5;149,9
Mali;no data;no data;no data;no data;no data;no data;no data;no data;no data;no data;no data;no data;no data;no data;no data;no data;no data;no data;no data;no data;90,5;77,5;42,6;44,1;42,4;46,6;18,1;18,5;20,1;21,9;25,3;24;25,4;26,4;26,9;30,7;37,2;38,2;37,5;40,7;47,3;51,6;50,3;51,9;51,8;51,7;50,5;49,6;48,9;48,4;48
Malta;no data;no data;no data;no data;no data;no data;no data;no data;no data;no data;no data;no data;no data;no data;no data;45,3;51,5;60,8;66,4;69,8;64,4;70;65,1;68,6;70,4;70,2;64,5;62;61,5;66;65;68,9;65,6;64,9;60,7;55;53,1;45,6;41,4;39,2;48,6;49,6;49,3;47,7;48,6;49,3;50;50,1;50,1;50;49,9
Marshall Islands;no data;no data;no data;no data;no data;no data;no data;no data;no data;no data;no data;no data;no data;no data;no data;no data;no data;8,7;18,1;26,1;27,3;32,7;37,2;43,7;46,8;45,8;44,4;42,2;44,1;41,2;38,8;35,9;37,6;33,4;34,9;33,9;29,2;26,5;24,7;25,1;21,7;20,1;19,8;18,7;16,7;15,3;14,2;13,3;12,6;12,1;11,7
Mauritania;no data;no data;no data;no data;no data;no data;no data;no data;no data;no data;no data;no data;no data;no data;no data;no data;no data;no data;no data;no data;55,5;63,5;59,5;22,9;22;71,1;38;61,5;57,2;54,3;43,9;38,8;39,3;40,7;49,5;59,9;57,6;55,7;59,2;57,7;56,5;54,5;50,5;47,5;44,9;45,7;47;46,9;45,2;45,4;46,6
Mauritius;no data;no data;no data;no data;no data;no data;no data;no data;no data;no data;no data;no data;no data;no data;no data;no data;no data;no data;no data;no data;56,9;58,2;63;66,9;59,4;58,3;55,3;48,8;48,8;56,8;54,4;54,9;51;53,5;56;59,4;59,3;58,7;68,1;83,7;80,4;74,2;73,9;76,4;82,9;83,4;82,7;81,8;80,6;79,5;78,6
Mexico;no data;no data;no data;no data;no data;no data;no data;no data;no data;no data;no data;no data;no data;no data;no data;no data;42,5;39,1;39,7;41,7;38,5;37,3;39,9;42,1;38,9;36,8;35,8;35,5;40,6;41,7;40,2;41,2;40,8;44,1;47,1;51;55;52,5;52,2;51,9;58,5;56,7;53,8;52,8;58,4;60,7;61,1;61,1;61,1;61,2;61,3
Federated States of Micronesia;no data;no data;no data;no data;no data;no data;no data;no data;no data;no data;no data;no data;no data;no data;no data;53,9;43,4;47,2;42,1;35,9;27,1;23,8;24,3;24,9;25,7;25;25,4;26;29,2;31,1;29,4;28,6;27,3;27,9;28,4;26;24,6;23,9;21;19,7;21,5;17;15,1;12,9;10,9;9,2;7,3;5,8;4,5;3,8;3,6
Moldova;no data;no data;no data;no data;no data;no data;no data;no data;no data;no data;no data;no data;no data;no data;no data;79,5;87,5;89;159,4;150,7;89,1;85,4;80,3;68,1;49,3;40,4;35;28,3;22,2;32,6;25,5;24,2;31,3;30;35,4;42,1;39,7;34,9;31,8;28,8;36,6;33,6;35;34,9;38,1;36,3;35,3;33,4;30,9;28,8;27,1
Mongolia;no data;no data;no data;no data;no data;no data;no data;no data;no data;no data;no data;no data;no data;no data;no data;no data;no data;no data;no data;no data;no data;no data;no data;no data;no data;no data;40,9;36,1;31;48,5;31;32,7;43,7;49,4;44;50,5;78,7;86,9;76,5;66,8;83,4;67,7;64,5;45,9;44,4;42,6;43,3;45,4;47,2;48,5;50,5
Montenegro;no data;no data;no data;no data;no data;no data;no data;no data;no data;no data;no data;no data;no data;no data;no data;no data;no data;no data;no data;no data;no data;no data;76,7;40,9;45,4;38,6;36,7;31,8;34,2;43,7;45;48,6;56,9;58,7;63,4;68,8;66,4;66,2;71,9;78,8;107,3;85,6;70,6;60,5;62,6;60,3;62,9;63,3;65,5;67,9;70,6
Morocco;no data;no data;no data;no data;no data;no data;no data;no data;no data;no data;70,5;59,1;67;74,7;69,3;72,2;65,3;68;64,5;63,4;64,9;60,4;59,4;56,9;54,4;54,8;50,6;47,1;42;42,6;45,3;48,6;52,3;57,1;58,6;58,4;60,1;60,3;60,5;60,3;72,2;69,4;71,5;69,5;70;68,9;67,7;66,8;66,2;65,6;65,1
Mozambique;no data;no data;no data;no data;no data;no data;no data;no data;no data;no data;no data;no data;no data;no data;no data;no data;no data;no data;no data;94,7;95,8;99,8;63,4;63,2;50,8;60,1;40;31,2;32,8;39,3;38,6;34,2;36,7;49,5;63,4;86;124,8;103,8;105,5;98,3;120;104,3;100,3;90,8;96,6;101,1;104,2;104,7;103,6;95,6;79,3
Myanmar;no data;no data;no data;no data;no data;no data;no data;no data;no data;no data;no data;no data;no data;no data;no data;no data;no data;no data;225,7;163,1;178;283,5;206,3;158;137;128,7;111,5;83,7;64,7;61;58,8;54;51,9;48,5;37,3;38,4;35,7;41,9;38,7;38,3;48,7;59,2;55,6;57,9;61,3;62,6;62,5;62,6;62,8;62,7;62,5
Namibia;no data;no data;no data;no data;no data;no data;no data;no data;no data;no data;no data;no data;no data;17,2;16,4;18;18,7;17,7;19,6;21,8;20,9;24,4;22,2;27,1;29,2;26,9;26,1;19,4;19,1;15,9;16,3;27,4;24,6;26,1;27,6;42,1;45,8;43,8;48,7;57,6;64,3;69,6;69,4;67,2;67,7;63,9;63,6;63,3;62,7;61,2;61,6
Nauru;no data;no data;no data;no data;no data;no data;no data;no data;no data;no data;no data;no data;no data;no data;no data;no data;no data;no data;no data;no data;no data;no data;no data;no data;no data;no data;no data;no data;no data;246,7;242,5;188,9;123,1;126,9;112,5;82,2;61,2;78;71,1;59,6;56,3;20,5;22,4;20,5;17,6;15,2;13,2;11;9,5;8;6,9
Nepal;no data;no data;no data;no data;no data;no data;no data;no data;no data;no data;no data;no data;no data;no data;no data;no data;no data;no data;no data;no data;50,8;50,8;51,8;53;51,3;45,1;42,9;37,9;36,8;39,5;35,4;32,4;34,5;31,9;27,6;25,7;25;25;31,1;34;43,3;43,3;42,7;47,1;47,9;49,4;49,8;49,6;49,4;49;48,7
Netherlands;43,6;46,9;52,4;58,4;61,9;67,1;68,9;71,3;73,7;73,7;75;74,8;75,6;76,7;73,5;73;71,2;65,7;62,7;58,6;52,2;49,4;48,7;49,8;50,1;49,6;45;42,7;54,4;56,3;58,9;61,2;65,7;67,2;67,2;63,8;60,9;56;51,5;47,6;53,3;50,4;48,3;45,1;43,2;43,3;44,4;44,8;45,4;46,5;47,7
New Zealand;no data;no data;no data;no data;no data;64,1;68,5;62,9;54,7;54,9;55,5;58;58,7;54,6;48,9;43,5;37,3;34,6;34,5;32;30;28,2;26,4;24,7;22,5;20,8;18,4;16,3;19;24,3;29,6;34,7;35,7;34,5;34,2;34,2;33,3;31,1;28,1;31,8;43,2;47,5;46,9;47;51,2;55,3;58,4;59,8;59;57,1;54,8
Nicaragua;no data;no data;no data;no data;no data;no data;no data;no data;no data;no data;no data;no data;no data;no data;no data;no data;no data;86,4;86,5;99,8;95,2;87,5;110,4;109,5;84;66,6;51,2;30,9;26;29,3;30,3;28,8;27,9;28,8;28,7;28,9;30,9;34,7;39,1;44,2;49,2;48,4;45,9;42,3;39,1;38,4;38,6;38,3;38,1;38;36,8
Niger;no data;no data;no data;no data;no data;no data;no data;no data;no data;no data;no data;no data;no data;no data;no data;69,4;63,5;69,1;61,3;63,3;82,1;74;69;60,6;55;49,5;18,3;17,8;14,2;15,9;15,1;14,7;18,1;19,6;22,1;29,9;32,8;36,5;37;39,8;45;51,3;50,6;51,9;47,2;43,4;42,2;41,8;41,8;41,9;41,9
Nigeria;no data;no data;no data;no data;no data;no data;no data;no data;no data;no data;71,7;75;70,2;71;55,9;34;25,2;24,1;22,3;64,9;57,6;53,1;43,3;42,1;35,5;18,9;9,4;8,1;7,3;8,6;9,4;17,4;17,6;18,3;18,2;21;24,5;25,4;28,7;30,2;35,6;36,8;40,4;48,7;52,9;52,5;51,6;49,1;47,6;46,4;45,4
North Macedonia;no data;no data;no data;no data;no data;no data;no data;no data;no data;no data;no data;no data;no data;no data;no data;no data;no data;no data;no data;29,8;45,6;45,2;40,5;36,5;34,6;36,7;30,6;23,5;20,6;23,7;24,3;27,7;33,7;34;38;38;39,7;39,4;40,4;40,4;50,8;52,7;50,4;50,8;54,8;52,9;54,4;55,4;56,1;56,1;56,1
Norway;47,7;43,4;38,5;35,4;35,2;36,9;46;38,5;32,4;32,3;28,9;39,2;45;53,7;50,6;32,7;28,4;25,8;23,6;25;28,7;27,2;33,9;43,1;43,8;42,3;52,6;49,5;47,5;42,5;43;29,6;30,9;31,4;29,7;34,3;37,9;38,3;39,4;40,6;46,1;41,6;36,1;44,2;42,7;42,7;42,5;42;41,4;39,3;40
Oman;no data;no data;no data;no data;no data;no data;no data;no data;no data;no data;17,8;22,6;23,1;22,2;23,6;21,9;21,2;20,8;30,9;28,9;21,7;22,5;15,9;13;14,5;8,4;7,6;4,4;3,2;5,8;5,5;4,4;4,6;4,7;4;13,9;29,3;40,1;44,7;52,5;67,9;61,9;41,7;37,5;35,5;35,4;33,9;32,2;30,6;30,2;29,5
Pakistan;no data;no data;no data;no data;no data;no data;no data;no data;no data;no data;no data;no data;no data;no data;58,5;52,3;52,5;52,8;53,8;60,7;61,7;65,1;60,5;56,3;50,6;47,9;46,2;44,2;49,5;54,6;56,7;56,2;58,4;59,2;58,8;59,1;62,1;62,1;66,3;78,7;80,8;74,7;77,3;78,2;70,1;73,6;71,9;70;67;63,9;61
Palau;no data;no data;no data;no data;no data;no data;no data;no data;no data;no data;no data;no data;no data;no data;no data;no data;no data;no data;no data;no data;37,1;34,6;33,9;34,8;34,2;30,5;28,6;33,7;32;36,6;34,5;30,6;30,8;27,4;27,5;21,7;23,7;26,9;29,5;30,5;52,1;69,9;68,8;76,8;69,7;64,7;60,7;54,4;48,6;43,3;38,1
Panama;no data;no data;no data;no data;no data;no data;no data;no data;no data;no data;no data;no data;no data;no data;78,4;76,7;65;60,2;58,1;55,1;53,6;57,8;57;56,5;58,8;59,3;54,7;47,4;40;39,1;38,1;35,6;34;33,7;34,7;34,3;33,6;33,6;35,6;39,9;61,5;54,4;52,7;51,5;56,6;58,1;58,3;57,9;57;55,7;54
Papua New Guinea;no data;no data;no data;no data;no data;no data;no data;no data;no data;no data;no data;no data;no data;no data;40,1;36,6;37,8;43,9;45,7;41,8;42,3;47,7;48,4;40,4;37,2;31,6;26;22,2;21,6;21,7;17,3;16,3;19,1;24,9;26,9;29,9;33,7;32,5;36,7;38,2;48,7;52,6;48,2;53,7;53,7;52;50,2;47,2;44,4;41,6;38,9
Paraguay;no data;no data;no data;no data;no data;no data;no data;no data;no data;no data;67;49,4;34,4;26,6;18,7;17,6;16,8;18;22,1;32;33,6;37,1;50,5;37,5;36;28,3;21;16,8;16;14,9;13;11,1;12,3;13,5;15,6;18,6;19,4;19,8;22,3;25,8;36,9;37,5;40,5;41,1;45,2;43,9;42,7;41,6;40,7;39,9;39,4
Peru;no data;no data;no data;no data;no data;no data;no data;no data;no data;no data;no data;no data;no data;no data;no data;no data;no data;no data;no data;no data;44,9;43,8;45,5;49,4;46,7;40,4;34,9;31,9;28;28,3;25,1;23;20,6;19,9;20,5;23,9;24,2;25,1;25,9;26,9;34,9;36,1;34;33;32,8;33,7;34,7;35,5;35,9;35,9;36
Philippines;no data;no data;no data;no data;no data;no data;no data;no data;no data;no data;no data;no data;no data;73,9;63,6;60,8;53,1;56,9;50,8;54,2;59,2;59,5;65,2;71,4;71,1;64,7;57,2;50,2;50;49,8;47,6;45,4;45,7;43,9;40,3;39,7;37,4;38,1;37,1;37;51,6;57;57,4;56,5;57,1;58,1;58,1;57,2;55,8;54,2;52,5
Poland;no data;no data;no data;no data;no data;no data;no data;no data;no data;no data;no data;no data;no data;no data;no data;48,6;43;42,6;38,6;39,2;36,3;37;41,4;46,2;45;46,5;47,1;44,4;46,6;49,7;53,7;54,8;54,5;56,9;51,1;51,1;54,1;50,4;48,2;45,2;56,6;53;48,8;49,7;55,3;60,7;64,3;65,7;66,8;67,2;67,7
Portugal;no data;no data;no data;no data;no data;no data;no data;no data;no data;no data;60,2;63,9;58,1;57,2;60,4;62,2;63,3;58,7;55,6;55,4;54,2;57,4;60;63,9;67,1;72,2;73,7;72,7;75,6;87,8;100,1;114;128,6;130,8;132,5;131;131,2;126;121,1;116,1;134,1;123,9;111,2;97,7;94,9;91,8;87,9;84,7;81,6;78,7;75,8
Puerto Rico;no data;no data;no data;no data;no data;no data;no data;no data;no data;no data;no data;no data;no data;no data;no data;no data;no data;no data;no data;no data;no data;no data;no data;no data;no data;no data;33,4;36,9;40,8;46,5;48,3;50;53,7;52,3;54,5;52,7;49,9;51,2;52,5;48,8;50,2;48,9;16,7;16,7;17,7;18,7;19,5;20,2;21,2;21,7;22,2
Qatar;no data;no data;no data;no data;no data;no data;no data;no data;no data;no data;12,6;21,8;19,9;46,3;54,8;50,2;57,8;54,4;76,6;81,8;51,6;59,2;47,7;38,8;30,1;19,1;13,9;9,4;11,4;36;30,4;33,5;32,1;30,9;24,9;35,5;46,7;51,6;52,2;62,1;72,6;58,4;42,6;43,7;40,8;40,5;39,3;37,2;36,4;36,2;35,4
Romania;no data;no data;no data;no data;no data;no data;no data;no data;no data;no data;no data;no data;no data;no data;no data;no data;no data;no data;no data;no data;29,6;27,4;27,4;24,9;21,3;17,8;12,7;12,4;13;22,5;30,2;32,6;36,2;39,3;40,5;39,4;39,5;37,1;36,2;36,5;49,3;51,5;51,7;52,1;57,2;61,6;65,7;68,9;71,5;73,7;75,7
Russian Federation;no data;no data;no data;no data;no data;no data;no data;no data;no data;no data;no data;no data;no data;no data;no data;no data;no data;51,5;135,2;92,4;55,9;44,4;37,6;28,3;20,8;14,9;9,8;8;7,4;9,9;10,1;10,3;11,2;12,3;15,1;15,3;14,8;14,3;13,6;13,7;19,2;16,5;18,5;19,5;20,3;21,4;22,5;23,7;24,7;25,9;27,2
Rwanda;no data;no data;no data;no data;no data;no data;no data;no data;no data;no data;no data;no data;no data;no data;no data;100,8;83,4;72,2;70,1;78,4;86;84;92;79,5;80,9;58,9;22,5;22,1;18,3;18,5;18,8;18,7;19,1;26,7;29,1;33,1;41,1;45,6;49,2;53,6;68,7;67,3;60,9;63,4;67,2;77,6;80,9;82,2;81,4;80;78,5
Saint Kitts and Nevis;no data;no data;no data;no data;no data;no data;no data;no data;no data;no data;no data;no data;no data;no data;no data;no data;50,7;67,2;79;89,2;96,5;105,2;119,7;140,7;153,1;130,1;140,3;135,4;123,4;129,1;134,9;127,1;121,4;91,5;69,3;62,2;57,4;53,3;53,9;54,3;68;69,1;60,2;55,9;52,2;60,2;64,6;66,3;67,5;67,9;67,9
Saint Lucia;no data;no data;no data;no data;no data;no data;no data;no data;no data;no data;16,7;19,3;22,1;22,7;23,4;22,7;23,9;26,6;29,1;28,8;32,8;38;47,7;44,7;48,8;50,4;48;48,2;46,9;50,2;52,2;54,9;60,2;61,2;61,9;60,6;60,2;59,9;60,3;62,1;95;81,9;73,4;74,8;74;73,6;73,8;74;74;73,8;73,6
Saint Vincent and the Grenadines;no data;no data;no data;no data;no data;no data;no data;no data;no data;no data;55,3;53,5;50,7;49,3;54,2;47,6;41,2;39,3;39,9;53,4;54,2;51,9;53,2;55,3;58,5;50,5;44,7;48,4;50,2;57,2;61,1;64;67,8;69,9;75;75,1;79,4;69;69,4;68,2;80;88,4;86,3;89,2;92,7;93,5;90,1;86,3;82,4;78,5;74,6
Samoa;no data;no data;no data;no data;no data;no data;no data;no data;no data;no data;no data;no data;no data;no data;no data;no data;no data;no data;58,9;59,4;55,8;53,8;50,3;42,8;39,8;34,2;33,5;31,5;28,2;33,3;40,3;41,5;50,9;54,1;54,9;56,4;49;46,7;49,4;44,3;43,2;46,3;43,8;35,4;27,7;22,5;19,4;20,5;21,6;22,8;24
San Marino;no data;no data;no data;no data;no data;no data;no data;no data;no data;no data;no data;no data;no data;no data;no data;no data;no data;no data;no data;no data;no data;11,6;17,2;16,1;16,9;14,5;14,2;12,6;15,5;20,1;20;16,6;17,2;23,2;21;19,3;21,4;56,6;56,7;56,2;69,8;77,2;71,3;69,9;65,2;64,1;62,8;61,4;59,3;57,2;55,1
Saudi Arabia;no data;no data;no data;no data;no data;no data;no data;no data;no data;no data;no data;39,4;47,8;58,6;67,9;74,2;75,2;76,7;101,5;103;86,7;93,1;96,4;81,6;62,9;37,3;25,8;17,1;12,1;14;8,4;5,3;3;2,1;1,5;5,7;12,7;16,5;17,6;21,6;31;28,6;23,8;26,2;29,9;34,8;38,5;40,9;42,9;44,5;45,9
Senegal;no data;no data;no data;no data;no data;no data;no data;no data;no data;no data;no data;no data;no data;no data;no data;no data;0,1;67,8;18,8;15;57,5;53,2;52;42,9;38;36,1;17,5;19;19,1;29,9;34,6;32,9;34,5;36,9;42,4;44,5;47,5;61,1;61,5;72,1;81,6;89,4;94,6;107,4;113,7;111,4;110,6;107,1;103,5;100,7;97,1
Republic of Serbia;no data;no data;no data;no data;no data;no data;no data;no data;no data;no data;no data;no data;no data;no data;no data;no data;no data;no data;no data;no data;200,6;95,9;68,4;64,4;57,6;50,1;37;30;29,4;32,6;38,2;42;51,7;54,1;63,5;67,1;65;55,3;51,1;49,5;54,3;53,6;50,9;45,7;44,5;44,4;44,1;44,3;44;43,7;43,2
Seychelles;no data;no data;no data;no data;no data;no data;no data;no data;no data;no data;80,4;89,2;79,9;82,2;123,5;133,5;146,7;143;161,2;159,8;177,8;199,8;195,9;177;163,2;144,1;135,1;144;192,1;106,1;82,2;82,5;80,1;68,2;70,4;64,7;62,8;56,7;51,3;48,9;77,4;71,2;60;55,3;57,8;59,3;57,6;54,5;51,3;47,5;44,1
Sierra Leone;no data;no data;no data;no data;no data;no data;no data;no data;no data;no data;no data;no data;no data;no data;no data;no data;no data;no data;no data;no data;no data;113,5;99,8;99,8;93,2;78,9;61,9;26,4;46,1;31,1;28,9;25,8;24,1;22,3;26,8;28,8;38,9;44,2;44,2;45,3;46,4;47,1;54;49,9;43;44,3;44,6;42,3;39,8;38,6;37,8
Singapore;no data;no data;no data;no data;no data;no data;no data;no data;no data;no data;73,5;76,4;79;71,2;70,7;69,8;71,3;70,8;84,6;85,3;82,3;94,5;96,3;99,1;95,7;92,7;86,5;87,8;97,9;101,7;98,7;103,1;106,7;98,2;97,7;102,2;106,3;107,6;109,4;127,9;148,2;141,7;154,3;172,8;174,3;174,9;175,6;176,3;177,1;177,6;178
Slovak Republic;no data;no data;no data;no data;no data;no data;no data;no data;no data;no data;no data;no data;no data;no data;no data;21,3;30,3;32,8;33,8;47;50,5;51,2;45,4;43,5;41,9;34,9;31,4;30,3;28,6;36,4;40,6;43,3;51,7;54,6;53,3;51,5;52;51,3;49,2;47,9;58,3;60,1;57,6;56;58;60,1;64,3;67,8;71;74,2;77,4
Slovenia;no data;no data;no data;no data;no data;no data;no data;no data;no data;no data;no data;no data;no data;no data;no data;18,2;21,6;22,1;22,8;23,8;26,1;26,3;27,7;27;27,1;26,6;26,2;22,9;21,9;34,9;38,6;46,8;54,1;70,8;81,1;83,4;79,4;74,9;71;66;80,2;74,8;72,7;68,4;67;68;66,7;65,5;64,8;64,1;63,8
Solomon Islands;no data;no data;no data;no data;no data;no data;no data;no data;no data;no data;no data;no data;no data;no data;no data;no data;no data;25,9;39,5;42;44,3;52,8;65,7;61,3;58,2;44,7;42,3;33;28,9;18,9;22,9;18,3;13,3;11,6;10,1;7,9;7,5;8,8;7,9;7,8;12,8;15,9;15,5;20,3;22;23,7;25,4;27,1;28,6;30,1;31,4
South Africa;no data;no data;no data;no data;no data;no data;no data;no data;no data;no data;no data;no data;no data;no data;no data;no data;no data;no data;no data;no data;37,9;38;31,8;31,5;30,7;29,6;28;24,3;24;27;31,2;34,7;37,4;40,4;43,3;45,2;47,1;48,6;51,5;56,1;68,9;68,7;70,8;73,4;76,4;79,6;81,7;83,7;85,5;87,1;88,7
South Sudan;no data;no data;no data;no data;no data;no data;no data;no data;no data;no data;no data;no data;no data;no data;no data;no data;no data;no data;no data;no data;no data;no data;no data;no data;no data;no data;no data;no data;no data;no data;no data;0;8,9;17,6;38,1;57,2;150,5;163;80,3;43,1;49;51,1;39,1;49,7;54,3;63,2;35,2;25,2;23,1;21,5;21,6
Spain;16,1;19,4;24,4;29,5;36;40,9;42,1;41,9;38,5;39,9;41,3;41,9;44,1;54,6;57;61,6;65,4;64,3;62,4;60,9;57,8;54,1;51,2;47,7;45,3;42,4;39;35,7;39,6;53,1;60,3;69,5;89,6;100;104,4;102,4;102;101,1;99,7;97,6;119,2;115,6;109,4;105;101,8;100,6;99;97,6;96;94,5;93
Sri Lanka;no data;no data;no data;no data;no data;no data;no data;no data;no data;no data;78,9;80,5;77,9;79,2;77,9;77,8;76,2;70,1;74,2;77,7;79,2;84,4;96,3;86,5;86,5;76,6;74,3;71,8;68,8;72,8;68,7;69,4;67,5;69,5;69,6;76,3;75;72,3;83,6;82,6;96,9;102,7;115,9;110,4;99,4;no data;no data;no data;no data;no data;no data
Sudan;no data;no data;no data;no data;no data;no data;no data;no data;no data;no data;no data;no data;495,2;285,9;386,5;239;220,9;167,7;179,7;160,5;143,2;125,6;121,7;117,4;97,8;75,5;63,7;53,7;55,8;71;74,6;78,1;117,7;105,8;84,4;93,2;109,9;149,5;209,8;216,5;278,3;189,6;186,8;259,6;272;252;207,4;176,4;161,8;151,6;144,1
Suriname;no data;no data;no data;no data;no data;no data;no data;no data;no data;no data;72,9;75,7;64,4;51,1;30,5;16,3;11,8;16,8;21,6;32,3;48,4;37,2;37,4;31,5;29,4;27,1;22,5;16,4;14,8;14,6;17,3;18,7;20,1;27,9;25,2;41,2;75,4;73;68,6;84;146,4;115,8;116,9;98,2;87,2;86,6;81,1;75,4;39,9;27,3;23
Sweden;no data;no data;no data;no data;no data;no data;no data;no data;no data;no data;no data;no data;no data;66,1;68,6;68,7;68,9;67,7;65,4;60,3;50,4;52;49,8;49,4;48,7;48,9;43,8;39,2;38;41,2;38,6;37,7;38;40,8;45,7;44,5;42,8;41,6;39,8;35,7;40,1;36,7;33,6;31,5;32,6;33,7;33,9;33,2;32,6;31,8;30,9
Switzerland;no data;no data;no data;no data;no data;no data;no data;no data;no data;no data;33,3;35,1;39,5;44,4;47,1;50;51,3;53,7;55,9;52,7;52,2;51,1;57,7;56,9;57,8;54,9;48,5;44,8;44,8;43,1;41,5;41,9;42,6;41,9;42,1;42,2;40,9;41,8;39,8;39,6;43,2;41;37,2;38,7;37,6;36,9;36;35,1;34;33,3;32,4
Syria;no data;no data;no data;no data;no data;no data;no data;no data;no data;no data;189,8;182,4;173,6;171,9;163;152,6;141,5;147,6;151,2;147,7;152,1;144,5;132,4;133,4;113;50,7;45;42,7;37,3;31,2;30;no data;no data;no data;no data;no data;no data;no data;no data;no data;no data;no data;no data;no data;no data;no data;no data;no data;no data;no data;no data
São Tomé and Principe;no data;no data;no data;no data;no data;no data;no data;no data;no data;no data;no data;no data;no data;no data;no data;no data;no data;no data;no data;no data;no data;418,4;366,5;329,4;354,5;334,2;283,2;110,1;60,7;70,3;83;86;86,3;77,1;67,4;84,3;81,7;74,7;71,5;76,4;70,8;59,2;55,1;44,7;43,5;37,3;33,3;29,1;24,5;21,1;16,1
Taiwan;no data;no data;no data;no data;no data;no data;no data;no data;no data;no data;no data;no data;no data;no data;no data;no data;no data;25;23,7;23,7;26,2;30,1;29,8;32,1;33,4;34,1;33,3;32,2;33,4;36,7;36,9;38,3;39,2;38,9;37,5;35,9;35,4;34,5;33,8;32,6;32;30,1;29,5;29;26,2;24;22;20,3;18,7;17,3;16
Tajikistan;no data;no data;no data;no data;no data;no data;no data;no data;no data;no data;no data;no data;no data;no data;no data;no data;no data;no data;96,6;107,8;111,4;99,4;98,3;69,8;49,4;45,8;36,8;34,3;30,2;36,9;36,8;35,5;32,5;29,3;27,9;35;42,2;46,3;46,6;43,5;51,8;42,1;32,5;30,9;29,5;28,4;28,2;27,7;28;28,5;29,2
United Republic of Tanzania;no data;no data;no data;no data;no data;no data;no data;no data;no data;no data;no data;no data;no data;no data;no data;no data;no data;no data;no data;no data;no data;50,8;47,4;44,4;44,5;46,1;34,5;23,8;21,7;24;27,6;28,4;30;32,7;36,4;39,5;39,8;40,1;42;40,4;41,3;43,4;44,9;47,4;48,2;47,1;45,8;44,3;42,9;41,5;40,4
Thailand;no data;no data;no data;no data;no data;no data;no data;no data;no data;no data;no data;no data;no data;no data;no data;no data;15,2;40,5;49,9;56,6;57,8;57,5;54,9;47,5;46,3;45,5;39,2;36;34,9;42,4;39,8;39,1;41,9;42,2;43,3;42,6;41,7;41,8;41,9;41,1;49,4;58,3;60,5;62,3;63,2;64,5;66;67;67,6;68,1;68,3
Timor-Leste;no data;no data;no data;no data;no data;no data;no data;no data;no data;no data;no data;no data;no data;no data;no data;no data;no data;no data;no data;no data;no data;0;0;0;0;0;0;0;0;0;0;0;0;0,5;1,5;2,9;4,7;6,7;9,3;9,5;10,1;6,5;7,9;12,4;13,2;13,9;13,6;13,4;13,3;13,4;13,8
Togo;no data;no data;no data;no data;no data;no data;no data;no data;no data;no data;no data;no data;no data;no data;no data;no data;no data;no data;no data;no data;no data;no data;no data;no data;no data;63,1;67,7;70,5;67,3;57,6;33,5;33,8;34,3;41,1;44,9;52,4;59,9;57,1;58;54,9;62,2;64,9;67,4;68;70,6;69,5;67,7;66;64,2;62,7;60,4
Tonga;no data;no data;no data;no data;no data;no data;no data;no data;no data;no data;no data;no data;no data;no data;no data;no data;no data;no data;no data;38,4;43,6;53,4;60,7;56,2;52,2;43,3;39,6;37,8;34;39,7;44,7;51,9;60;48,9;47,4;51,1;49,4;44,7;45,8;42,8;42,6;43;43,8;43,9;38,2;44,1;51,7;59,5;68,1;78;88,7
Trinidad and Tobago;no data;no data;no data;no data;no data;no data;no data;no data;65,3;51,9;49,5;50;49,5;59,6;54,8;51,1;48;46,5;43,4;43,4;40,6;37,2;37,2;31,8;25,1;20,7;17,5;16,9;14,2;18,7;17,4;27,3;22,1;21,9;23,6;26,4;34,7;40,1;41,5;45,8;60,3;60,5;53;59,3;64,5;67,8;69,6;70,5;69,3;66,6;63,8
Tunisia;no data;no data;no data;no data;no data;no data;no data;no data;no data;no data;no data;63,3;62,1;63,8;63,9;65,6;66,8;66,6;58,2;61,9;62,9;52,2;51,6;52,6;51,6;50;45,7;42,7;41,4;40,3;38,8;43,3;49;45,6;50,7;52,4;58,9;67,1;72,9;67,3;77,7;79,7;82,9;82,5;83,1;82,9;84,2;85,6;87,2;89,2;90,9
Turkmenistan;no data;no data;no data;no data;no data;no data;no data;no data;no data;no data;no data;no data;no data;no data;no data;no data;no data;84,9;107,9;88,2;72,9;45,1;32;22,4;15,1;9;5,6;4;4,7;4,1;6,2;10;13,8;16;12,3;14,5;18,5;20;18,7;15,3;13,3;10,7;5,8;4,7;4,6;4,5;4,4;4,2;4,1;4;4
Tuvalu;no data;no data;no data;no data;no data;no data;no data;no data;no data;no data;no data;no data;no data;no data;no data;no data;no data;no data;no data;no data;no data;no data;no data;no data;no data;37,3;37,5;32,4;19,7;20,5;21;19,1;19,3;17,8;16,4;14,4;11,5;12,1;11,8;11,5;12,1;11,3;5,7;4,6;3,9;3,3;3,6;4,1;6,1;9;13,5
Turkey;no data;no data;no data;no data;no data;no data;no data;no data;no data;no data;no data;no data;no data;no data;no data;no data;no data;no data;no data;no data;51,3;75,5;71,5;65,2;57,2;50,2;44,2;37,8;37,7;43,2;39,5;35,9;32,2;30,9;28,3;27,2;27,7;27,8;29,9;32,4;39,4;40,4;30,8;29,3;26;26,7;27,1;27,1;26,5;26,1;25,8
Uganda;no data;no data;no data;no data;no data;no data;no data;no data;no data;no data;no data;no data;no data;no data;no data;no data;no data;44,2;45,1;47,7;48,5;51,4;54,7;55,1;49;42,6;27,8;17;15,7;14,8;18,4;18;19,5;22,1;24,8;28;31,3;33,6;34,9;37,5;46,3;50,3;50,2;50,2;51,8;54;54,6;54,1;53,7;53,2;52,7
Ukraine;no data;no data;no data;no data;no data;no data;no data;no data;no data;no data;no data;no data;no data;no data;no data;no data;no data;28,9;46,5;59;43,8;36,7;33,6;29,4;24,8;17,7;14,8;12,3;20,4;35,4;40,6;36,9;37,5;40,5;70,3;79,3;79,5;71,6;60,4;50,5;60,5;48,9;77,7;82,3;89,8;110;108,5;103,5;100,1;96,2;92,1
United Arab Emirates;no data;no data;no data;no data;no data;no data;no data;no data;no data;no data;no data;no data;no data;no data;no data;no data;no data;no data;no data;4,7;3,1;2,7;3,4;3,3;4,1;4,5;5,1;8,9;8,9;21,1;18,8;20,9;20,7;15,6;13,8;16,1;19,3;21,9;21,3;26,8;41,3;36,3;32,1;32,4;32,1;32,8;32,6;32;31,5;31;31
United Kingdom;42,5;44,7;43;41,8;42,2;41,3;41,3;39,3;37,1;32,5;28,5;28,5;33,2;38;40,7;43,7;43,7;44,1;42;40,4;37,7;35;35,4;36,8;39,8;41;42,1;43,2;50,8;64,9;75,9;81,4;84,5;85,3;87,1;87,9;87,8;86,7;86,3;85,7;105,8;105,1;99,6;100,4;101,2;103,9;105,4;106,1;106,5;106,5;106,1
United States;no data;no data;no data;no data;no data;no data;no data;no data;no data;no data;no data;no data;no data;no data;no data;no data;no data;no data;no data;no data;no data;53,3;55,7;58,8;66,3;65,6;64,3;64,7;73,6;86,8;95,3;99,7;103,2;104,5;104,4;104,9;106,8;105,7;107;108,2;132;124,7;118,8;119;120,8;122,5;123,7;124,9;125,9;127;128,2
Uruguay;no data;no data;no data;no data;no data;no data;no data;no data;no data;no data;no data;no data;no data;no data;no data;no data;no data;no data;no data;24,1;30,5;39,4;90,1;91,9;73,7;66,2;61,1;52,8;46,2;46,2;40,9;41,3;49,8;50;51,1;57,8;56,4;55,8;57,9;59,6;68,2;64,1;59,9;64;68,7;68,5;68,3;68;67,9;67,7;67,4
Uzbekistan;no data;no data;no data;no data;no data;no data;no data;no data;no data;no data;no data;no data;no data;no data;no data;no data;no data;15,3;18;18,4;29,5;44,8;41,6;31,4;26,9;21;13,5;9,6;8,3;7,3;6,6;6,3;6,8;6,2;6,1;6,7;8,2;17,3;17,5;25,4;33,7;31,7;30,5;32,2;32,6;33;32,9;32,3;32;31,2;30,7
Vanuatu;no data;no data;no data;no data;no data;no data;no data;no data;no data;no data;no data;15,9;21;20,3;21,6;24,1;23,1;22,9;28;30,6;36,1;37;38,8;38,3;30,4;26,3;22,2;19,5;21,2;21,1;20,2;21,3;19,3;18,6;20,2;36,3;42,5;52,6;45,3;45,1;48;48,5;43,1;40,6;44,6;48,5;51,9;53,9;55,6;57,3;59
Venezuela;no data;no data;no data;no data;no data;no data;no data;no data;no data;no data;no data;no data;no data;no data;no data;no data;no data;no data;30,7;29,6;27,7;30,7;48,2;56;41,8;34,9;25,7;26,4;20,3;27,6;37,7;52,5;58,4;85,4;84,9;129,8;138,4;133,6;175,3;206;336,5;254,2;164,4;138,5;164,3;no data;no data;no data;no data;no data;no data
Vietnam;no data;no data;no data;no data;no data;no data;no data;no data;no data;no data;no data;no data;no data;no data;no data;no data;no data;no data;no data;no data;24,8;25,4;27,7;29,8;29,4;28,7;30,2;32,2;31;36,2;37,3;36,2;38,3;41,4;43,6;46,1;47,9;46,6;43,8;41;41,3;39,2;34,9;34,4;32,9;33,6;34,9;35,6;36,1;36,6;37,1
West Bank and Gaza;no data;no data;no data;no data;no data;no data;no data;no data;no data;no data;no data;no data;no data;no data;no data;no data;no data;no data;no data;no data;20;22,2;20,9;20,7;21,1;24;19,3;23,7;23;24;22,7;26,3;29,8;30,2;34;37,1;31;31,8;33,1;34,5;47,1;50,2;47,1;48,5;no data;no data;no data;no data;no data;no data;no data
Yemen;no data;no data;no data;no data;no data;no data;no data;no data;no data;no data;no data;no data;no data;no data;no data;no data;no data;no data;no data;96,1;60,8;60,6;57,8;56,8;52,1;43,8;40,8;40,4;36,4;49,8;42,4;45,7;47,6;48,4;48,9;57,7;76,5;83,8;86,9;91,5;87;75,9;65,3;77,9;70,9;71,2;68,4;64;54,3;52,4;53,1
Zambia;no data;no data;no data;no data;no data;no data;no data;no data;no data;no data;no data;no data;no data;no data;no data;no data;no data;no data;no data;no data;261;210,2;180,2;159,5;129,9;75,7;25;21,9;19,2;20,5;18,9;20,8;24,9;25,9;33,9;61,9;61,2;66,6;81,2;103,3;140;111;99,5;129,1;114,9;no data;no data;no data;no data;no data;no data
Zimbabwe;no data;no data;no data;no data;no data;no data;no data;no data;no data;no data;no data;no data;no data;no data;no data;no data;no data;no data;no data;no data;no data;no data;no data;no data;no data;33,1;39,4;44,7;61,1;58,7;47,6;42,9;38,4;37;42,3;48;49,9;68,9;48,1;82,3;84,5;58,2;99,5;96,6;94,6;58,6;56,1;53,3;52,3;50,5;48,3
Africa (Region);no data;no data;no data;no data;no data;no data;no data;no data;no data;no data;no data;no data;no data;no data;no data;no data;no data;no data;no data;no data;64,9;63,1;58,9;54,5;49,3;42,8;35;30,6;28,7;32,5;31,9;33,5;34,3;36,7;38,3;44,7;51,2;51,8;53,9;55,7;65,1;64,2;63,7;67,6;66,8;67,2;66,9;65,9;64,7;63,4;61,8
Asia and Pacific;no data;no data;no data;no data;no data;no data;no data;no data;no data;no data;no data;no data;no data;no data;no data;no data;no data;no data;no data;no data;90,9;93,9;94,2;94,5;94,3;90,6;83,1;76,6;77,3;86,5;84,6;85,2;84,8;78;76,4;73,9;81,4;80,5;80,3;83,7;94,5;90,5;88,2;89,7;91;94,9;97,7;98,8;99,8;100,7;101,9
Australia and New Zealand;no data;no data;no data;no data;no data;no data;no data;no data;no data;21,8;21,2;25,9;31,2;33,7;34;32,9;30,5;27,1;25,1;23,7;20,7;18,5;16,5;14,7;13,3;12,2;11;10,5;12,6;17,5;21,3;25,1;28,3;30,9;34,1;37,3;39,7;39,9;40;44,8;55,2;54,5;49,8;48,7;50;51,5;51,5;51;50,5;50;49,7
Caribbean;no data;no data;no data;no data;no data;no data;no data;no data;no data;no data;no data;no data;no data;no data;no data;no data;no data;no data;no data;47,9;51,6;54,8;59,3;59;55,3;53,8;50,8;46,8;47,5;51,8;54,4;56,7;56,1;55,6;55,1;56,6;61;61,2;59,7;61,8;75,4;70,5;61,6;60,9;53,8;51,6;49,7;48,4;45,8;43,5;41,9
Central America;no data;no data;no data;no data;no data;no data;no data;no data;no data;no data;no data;no data;no data;no data;no data;no data;no data;no data;no data;no data;35,1;37,2;38,7;46,1;42,1;40,5;37,5;32,5;30,7;33,9;34,2;34,5;36,4;38,4;38,4;38,9;40,3;41,7;43,9;46,5;59,5;55,4;52,7;51,8;51,6;51,7;51,2;50,2;49,3;47,9;46,1
Central Asia and the Caucasus;no data;no data;no data;no data;no data;no data;no data;no data;no data;no data;no data;no data;no data;no data;no data;no data;no data;no data;no data;no data;no data;no data;66,6;59,4;51,3;44,2;35,7;29,8;29,7;33,8;31;27,6;25,5;24,7;23,3;24,5;25,3;26,1;27,2;28,8;35,5;35,6;27,9;27,5;25,7;26,4;27;27,3;27,2;27,2;27,1
East Asia;no data;no data;no data;no data;no data;no data;no data;no data;no data;no data;no data;no data;no data;no data;no data;77,7;78,8;79,4;87,6;97,5;101,1;104,1;106;109,3;110,9;108,3;100,7;93,8;94,9;105,3;104,6;105,6;104,1;94,3;91,3;85,7;95,9;94,6;93,1;96,6;106,9;101,5;100,1;103,1;105,6;111,8;115,9;117,9;120,1;122,2;124,8
Eastern Europe ;no data;no data;no data;no data;no data;no data;no data;no data;no data;no data;no data;no data;no data;no data;no data;no data;no data;no data;no data;56,5;45,7;40,3;38,3;35,2;30,4;26,4;22,5;20,3;20,9;26,6;27,5;27,5;27,4;29,1;32,4;35,1;35,6;32,8;31,4;30,1;39,3;36,4;35,3;37,8;40,2;44;46,2;47,4;48,5;49,5;50,4
Europe;no data;no data;no data;no data;no data;no data;no data;no data;no data;no data;no data;no data;no data;no data;no data;no data;no data;65,5;66,6;64;60,3;58,6;58,7;60;59,8;59,2;56,8;54,4;57,5;67,8;71,7;72,6;75;76,8;78,8;79,1;78,7;75,8;74,3;72,3;85;81,9;76,7;76,8;77,5;79,2;80,4;81;81,6;82,1;82,8
Middle East (Region);no data;no data;no data;no data;no data;no data;no data;no data;no data;no data;no data;no data;no data;no data;no data;no data;no data;no data;no data;no data;47,7;52,1;60,9;55,1;58,6;43;33,4;29,1;24,3;30,4;25,9;22,9;22,5;21,8;20,9;30,5;37,7;39,3;37,3;40,5;51,4;46,9;38,1;38,9;41,4;44,9;46,7;47,5;48,4;49,2;49,7
North Africa;no data;no data;no data;no data;no data;no data;no data;no data;no data;no data;no data;no data;no data;no data;no data;no data;no data;no data;71,6;68,7;64,8;65,3;65,9;64,8;59,6;57,4;51,6;44,5;38;42,9;43,4;43,8;45;49,5;50,9;57,1;65,1;64,7;64,8;64,4;74;77,6;75,3;76,3;72,8;73,6;76,1;76,8;76,5;75,8;74,5
North America;no data;no data;no data;no data;no data;no data;no data;no data;no data;no data;no data;no data;no data;no data;no data;no data;no data;no data;no data;no data;no data;54;56,1;59;65,1;64,3;62,8;62,9;70,9;83,6;90,6;94,1;97,4;98,7;98,8;100,6;102,8;101,6;102,7;103,7;127,3;120,2;114,1;114,1;116,3;118,4;119,4;120,4;121,1;122;122,8
Pacific Islands ;no data;no data;no data;no data;no data;no data;no data;no data;no data;no data;no data;no data;no data;no data;41,1;38,8;40;44,5;43,3;39,9;41;46,3;47,9;42,9;40,3;35,6;32,9;28,8;27,8;27,6;24,7;23,2;24,6;28,6;29,8;32,3;35,1;34,2;37,3;38,8;48,8;54,2;51,3;54,9;54,5;53,1;52,1;50,1;48,4;46,6;45
South America;no data;no data;no data;no data;no data;no data;no data;no data;no data;no data;no data;no data;no data;no data;no data;no data;no data;no data;no data;no data;48,3;52,6;72,2;69,2;63,4;56,7;52,6;50,5;48;51,3;50,1;49,8;50;50,8;52,6;60,1;63,9;67,5;73,4;75,3;85,1;77,6;75,3;85,4;77,8;78,3;79,7;80,5;81;80,7;80,3
South Asia;no data;no data;no data;no data;no data;no data;no data;no data;no data;no data;no data;no data;no data;no data;71,6;67,2;64,5;65,9;66,5;69,7;72,5;77,5;80,6;77,2;75,9;73,8;70,4;68,8;67,8;67,6;63,9;64,4;64;63,6;63;64,3;64,4;65,1;66,3;71;81,8;78;77,3;77,2;76,8;76,6;75,8;75,1;74,2;73,2;72,1
Southeast Asia;no data;no data;no data;no data;no data;no data;no data;no data;no data;no data;no data;no data;no data;no data;no data;no data;no data;no data;no data;no data;64,7;64,2;60,8;58,2;55,9;51,4;45,9;45,5;42,7;45,4;44;42,7;44,1;44,4;44,4;45,8;46,1;46,6;47,3;48,5;58,5;62,1;63;65,5;66,6;67,1;67,1;67;66,6;66,1;65,6
Sub-Saharan Africa (Region) ;no data;no data;no data;no data;no data;no data;no data;no data;no data;no data;no data;no data;no data;no data;no data;no data;no data;no data;no data;no data;64,9;61,8;55,4;50,1;45,4;37,6;29,1;25,7;25,2;28,3;27,6;29,7;30,1;31,9;33,5;39,7;45,3;47,3;50,2;52,5;61,5;58,8;58,8;64;64,1;64,4;62,9;61,3;59,7;58,1;56,5
Western Europe;no data;no data;no data;no data;no data;no data;no data;no data;no data;no data;no data;52,9;57,1;62,4;64,8;66,5;68,2;67,3;66;64,5;61,6;60,4;60,8;62,4;63;63,4;61,9;60,1;64,6;74,8;80,2;82,1;85,8;87,6;88,3;86,9;86,1;84,1;82,6;81;94,1;91,3;86,4;85,6;86;87,2;88,2;88,7;89,2;89,7;90,3
Western Hemisphere (Region);no data;no data;no data;no data;no data;no data;no data;no data;no data;no data;no data;no data;no data;no data;no data;no data;no data;no data;no data;no data;no data;53,7;57,2;59,7;64,8;63,3;61,5;61;67,2;78,3;83;85;87,9;89,4;90,2;94;96,6;95,8;98;99,4;122;114,7;108,8;109,8;110,9;112,9;113,9;114,8;115,4;116;116,6
ASEAN-5;no data;no data;no data;no data;no data;no data;no data;no data;no data;no data;no data;no data;no data;no data;no data;no data;no data;no data;no data;no data;66,8;65,2;62,3;59,6;57,6;53;47;46,6;43,9;46,4;44,8;43,5;45;45,1;45,1;46,5;46,6;47,1;48,4;50,1;61,6;65,7;67,4;70,4;72,1;72,7;72,5;72,2;71,7;71,1;70,3
Advanced economies;no data;no data;no data;no data;no data;no data;no data;no data;no data;no data;no data;no data;no data;no data;no data;no data;no data;no data;no data;no data;no data;70,2;71,3;73,4;76,7;76,2;73,5;71,2;77,8;91,1;97,4;101,3;105,6;104;103,5;103,1;105,4;103;102,5;103,6;122;115,5;109,3;108,2;108,5;110,1;110,9;111,5;112;112,6;113,3
Emerging and Developing Asia;no data;no data;no data;no data;no data;no data;no data;no data;no data;no data;no data;no data;no data;no data;no data;no data;no data;no data;no data;no data;43,4;43,9;44,4;44,6;43,5;41,7;38,9;40,3;36,4;41,2;39,9;39;39,1;40,7;42,6;44,1;50,4;53,7;54,9;58,2;68,1;68,9;72,3;76,9;81,4;86,8;90,8;93,1;95;96,9;98,7
Emerging and Developing Europe;no data;no data;no data;no data;no data;no data;no data;no data;no data;no data;no data;no data;no data;no data;no data;no data;no data;no data;no data;no data;50,9;50,5;47,8;43,8;37,2;32;26,7;23,3;23,5;28,8;28,5;27,2;26;27;29,2;30,9;31,7;29,8;29,4;28,9;37,6;34,9;32,5;34,4;35,6;38,8;40,9;41,8;42,4;42,9;43,5
Emerging market and developing economies;no data;no data;no data;no data;no data;no data;no data;no data;no data;no data;no data;no data;no data;no data;no data;no data;no data;no data;no data;no data;46,9;47,9;50,9;49,1;46,2;41,4;36,9;35,5;33,3;38,3;37,2;36,5;36,5;37,7;39,5;43,3;48,7;50,8;52,1;54,5;64,1;63,2;63,4;67,4;69,5;73,6;76,7;78,4;79,7;80,9;82
Euro area;no data;no data;no data;no data;no data;no data;no data;no data;no data;no data;no data;no data;no data;no data;no data;71,6;73,7;73,1;72,8;71,7;69,2;68,2;68,1;69,4;69,7;70,3;68,3;65,9;69,6;80;85,4;87,2;90,8;92,7;92,9;91;89,9;87,5;85,6;83,6;96,5;93,9;89,5;87,4;87,7;88,7;89,7;90,4;91,1;91,9;92,9
European Union;no data;no data;no data;no data;no data;no data;no data;no data;no data;no data;no data;no data;no data;no data;no data;70,7;72,7;72,1;70,6;69,6;66,6;65,6;65,6;66,9;67;67,2;64,9;62,3;65,5;75,6;80,5;82,5;86,6;88,8;89,1;87;85,9;83,3;81,3;79,1;91,3;88,4;84;82;82,5;83,6;84,7;85,4;86;86,7;87,6
Latin America and the Caribbean;no data;no data;no data;no data;no data;no data;no data;no data;no data;no data;no data;no data;no data;no data;no data;no data;no data;no data;no data;no data;44,6;46,4;56,7;57,3;53,4;49,3;46,6;45,3;45,3;48,3;47,4;47,5;47,6;48,8;50,8;56,6;60,3;62,6;66,2;67,2;76,2;70,4;68;73,6;70;71,1;71,9;72,2;72,3;72;71,6
Major advanced economies (G7);no data;no data;no data;no data;no data;no data;no data;no data;no data;no data;no data;no data;no data;no data;no data;no data;no data;no data;no data;no data;no data;75;76,8;79,9;85,1;85,1;82,6;80,9;88,8;103,7;111,8;116,7;120,8;118,4;117,3;116,3;119,3;117,1;117;117,9;139,4;132,3;124,5;122,7;123,2;124,9;126;126,8;127,6;128,4;129,3
Middle East and Central Asia;no data;no data;no data;no data;no data;no data;no data;no data;no data;no data;no data;no data;no data;no data;no data;no data;no data;no data;no data;55,9;no data;no data;59;53,2;53,4;41,3;32,7;28,1;24,1;30;27,1;25;25,8;25,8;25,5;35;42,4;43,2;42,2;45,6;56;51,9;44,8;45,7;45,4;47,9;49,4;49,9;50,3;50,4;50,3
Other advanced economies;no data;no data;no data;no data;no data;no data;no data;no data;no data;no data;no data;no data;no data;no data;no data;no data;no data;no data;no data;no data;34,9;35,7;35,9;36,7;35;33,9;33,1;31,3;32,8;35,5;35,7;36,7;38,2;39,2;40,5;41,4;41,8;41,3;41;43;49,8;49,4;48,2;49,6;50,4;51,1;51,3;51,1;51;50,9;50,9
Sub-Saharan Africa;no data;no data;no data;no data;no data;no data;no data;no data;no data;no data;no data;no data;no data;no data;no data;no data;no data;no data;no data;no data;62,3;59,2;52,5;47,5;43,4;35,9;27,4;24;23,4;26,3;25,4;27,6;27,5;29,6;31,8;37,6;42,5;44,2;47,1;49,7;57;56,4;56,7;60,4;61,1;61,5;60,4;59,1;57,8;56,4;54,9