World Bank Commodity Price Data (The Pink Sheet);;;;;;;;;;;;;;;;;;;;;;;;;;;;;;;;;;;;;;;;;;;;;;;;;;;;;;;;;;;;;;;;;;;;;;;;;;;;;;;;;;;;;;
annual prices, 1960 to present, nominal US dollars;;;;;;;;;;;;;;;;;;;;;;;;;;;;;;;;;;;;;;;;;;;;;;;;;;;;;;;;;;;;;;;;;;;;;;;;;;;;;;;;;;;;;;
(annual series are available in nominal and real dollars);;;;;;;;;;;;;;;;;;;;;;;;;;;;;;;;;;;;;;;;;;;;;;;;;;;;;;;;;;;;;;;;;;;;;;;;;;;;;;;;;;;;;;
Updated on May 02, 2025;;;;;;;;;;;;;;;;;;;;;;;;;;;;;;;;;;;;;;;;;;;;;;;;;;;;;;;;;;;;;;;;;;;;;;;;;;;;;;;;;;;;;;
;;;;;;;;;;;;;;;;;;;;;;;;;;;;;;;;;;;;;;;;;;;;;;;;;;;;;;;;;;;;;;;;;;;;;;;;;;;;;;;;;;;;;;
;;;;;;;;;;;;;;;;;;;;;;;;;;;;;;;;;;;;;;;;;;;;;;;;;;;;;;;;;;;;;;;;;;;;;;;;;;;;;;;;;;;;;;
;Crude oil, average;Crude oil, Brent;Crude oil, Dubai;Crude oil, WTI;Coal, Australian;Coal, South African;Natural gas, US;Natural gas, Europe;Liquefied natural gas, Japan;Natural gas index;Cocoa;Coffee, Arabica;Coffee, Robusta;Tea, avg 3 auctions;Tea, Colombo;Tea, Kolkata;Tea, Mombasa;Coconut oil;Groundnuts;Fish meal;Groundnut oil;Palm oil;Palm kernel oil;Soybeans;Soybean oil;Soybean meal;Barley;Maize;Sorghum;Rice, Thai 5% ;Rice, Thai 25% ;Rice, Thai A.1;Rice, Viet Namese 5%;Wheat, US SRW;Wheat, US HRW;Banana, Europe;Banana, US;Orange;Beef;Chicken;Lamb **;Shrimps, Mexican;Sugar, EU;Sugar, US;Sugar, world;Tobacco, US import u.v.;Logs, Cameroon;Logs, Malaysian;Sawnwood, Cameroon;Sawnwood, Malaysian;Plywood;Cotton, A Index;Rubber, TSR20 **;Rubber, RSS3;Phosphate rock;DAP;TSP;Urea ;Potassium chloride;Aluminum;Iron ore, cfr spot;Copper;Lead;Tin;Nickel;Zinc;Gold;Platinum;Silver;;;;;;;;;;;;;;;;;
;($/bbl);($/bbl);($/bbl);($/bbl);($/mt);($/mt);($/mmbtu);($/mmbtu);($/mmbtu);(2010=100);($/kg);($/kg);($/kg);($/kg);($/kg);($/kg);($/kg);($/mt);($/mt);($/mt);($/mt);($/mt);($/mt);($/mt);($/mt);($/mt);($/mt);($/mt);($/mt);($/mt);($/mt);($/mt);($/mt);($/mt);($/mt);($/kg);($/kg);($/kg);($/kg);($/kg);($/kg);($/kg);($/kg);($/kg);($/kg);($/mt);($/cubic meter);($/cubic meter);($/cubic meter);($/cubic meter);(¢/sheet);($/kg);($/kg);($/kg);($/mt);($/mt);($/mt);($/mt);($/mt);($/mt);($/dmtu);($/mt);($/mt);($/mt);($/mt);($/mt);($/troy oz);($/troy oz);($/troy oz);;;;;;;;;;;;;;;;;
1960;1,63;1,63;1,63;…;…;…;0,14;0,40;…;…;0,59;0,92;0,70;1,03;0,93;1,12;1,04;312,33;…;…;327,00;224,42;…;91,83;223,92;81,01;20,15;44,50;36,58;107,35;…;…;…;…;57,99;…;0,14;0,13;0,74;0,30;…;1,61;0,12;0,13;0,07;1736,87;…;31,94;…;149,17;…;0,65;…;0,78;13,00;..;53,00;42,25;28,50;511,47;11,42;678,76;198,85;2196,73;1631,00;246,19;35,27;83,50;0,91;;;;;;;;;;;;;;;;;
1961;1,57;1,57;1,57;…;…;…;0,15;0,40;…;…;0,48;0,90;0,67;0,95;0,89;0,98;0,98;253,42;…;…;330,25;228,42;…;109,33;287,33;96,91;20,75;44,96;41,42;118,95;…;…;…;…;58,61;…;0,13;0,13;0,68;0,31;…;1,69;0,12;0,13;0,06;1563,19;…;33,06;…;151,98;…;0,67;…;0,60;13,00;..;52,00;42,25;30,00;511,47;11,02;633,08;176,98;2449,89;1711,00;214,31;35,25;83,50;0,92;;;;;;;;;;;;;;;;;
1962;1,52;1,52;1,52;…;…;…;0,16;0,40;…;…;0,46;0,83;0,68;0,97;0,86;1,10;0,95;251,22;…;…;274,34;216,24;…;100,54;227,00;89,01;22,70;48,65;44,70;134,93;…;…;…;…;64,33;…;0,13;0,11;0,71;0,32;…;2,25;0,13;0,13;0,06;1404,90;…;36,39;…;160,06;…;0,65;…;0,56;11,50;..;51,00;42,25;30,00;498,06;11,01;645,14;155,28;2471,38;1761,00;185,93;35,23;83,50;1,08;;;;;;;;;;;;;;;;;
1963;1,50;1,50;1,50;…;…;…;0,16;0,39;…;…;0,55;0,81;0,62;0,95;0,81;1,08;0,96;286,33;…;…;268,50;222,39;…;110,09;223,58;91,02;23,98;53,77;47,84;125,66;…;…;…;…;64,49;…;0,14;0,09;0,67;0,33;…;2,00;0,13;0,17;0,18;1343,61;…;35,49;…;157,85;…;0,65;…;0,52;11,50;..;52,00;42,25;30,00;498,80;11,02;645,95;174,81;2507,73;1741,67;211,51;35,09;80,93;1,28;;;;;;;;;;;;;;;;;
1964;1,45;1,45;1,45;…;…;…;0,15;0,38;…;…;0,51;1,01;0,79;0,93;0,82;1,04;0,92;296,48;…;…;315,38;239,45;…;110,51;233,00;89,01;25,14;54,63;48,24;120,15;…;…;…;…;67,53;…;0,17;0,08;0,84;0,34;…;1,81;0,13;0,14;0,13;1488,30;…;30,26;…;144,83;…;0,65;…;0,49;12,50;..;53,00;60,50;32,50;525,99;10,24;969,75;277,88;3412,74;1741,67;326,49;35,10;88,48;1,29;;;;;;;;;;;;;;;;;
1965;1,42;1,42;1,42;…;…;…;0,16;0,41;…;…;0,37;1,00;0,68;1,00;0,85;1,14;1,01;350,13;…;…;323,92;272,52;…;116,87;270,00;97,03;24,34;55,67;47,93;118,79;…;…;…;…;59,46;…;0,16;0,10;0,88;0,35;…;1,99;0,12;0,14;0,04;1265,41;…;35,03;…;156,75;…;0,64;…;0,50;14,00;..;54,00;65,75;29,50;540,13;10,66;1292,84;317,18;3890,78;1735,00;311,25;35,12;98,04;1,29;;;;;;;;;;;;;;;;;
1966;1,36;1,36;1,36;…;…;…;0,16;0,42;…;…;0,52;0,93;0,74;0,87;0,76;0,95;0,91;323,71;…;…;296,31;235,64;…;125,66;261,50;107,04;25,91;58,30;48,58;145,20;…;…;…;…;62,95;…;0,15;0,08;1,02;0,36;…;2,31;0,13;0,14;0,04;1581,22;…;36,83;…;161,09;…;0,62;…;0,47;13,00;..;50,00;59,25;27,50;540,13;9,52;1531,51;260,65;3573,51;1739,00;281,11;35,13;99,72;1,29;;;;;;;;;;;;;;;;;
1967;1,33;1,33;1,33;…;…;…;0,16;0,46;…;…;0,60;0,86;0,74;0,84;0,72;0,80;0,99;326,36;…;…;282,95;223,45;…;114,73;216,83;98,89;26,25;54,10;51,90;189,37;…;…;…;…;65,71;…;0,16;0,16;1,04;0,37;…;2,29;0,13;0,15;0,04;1299,43;…;39,33;…;166,88;…;0,68;…;0,39;12,00;68,50;45,00;49,25;25,50;540,13;8,86;1134,77;227,68;3308,03;1935,70;273,33;34,95;110,25;1,55;;;;;;;;;;;;;;;;;
1968;1,32;1,32;1,32;…;…;…;0,16;0,45;…;…;0,72;0,87;0,75;0,75;0,68;0,73;0,84;399,27;…;…;270,73;168,83;…;110,80;178,08;96,42;25,16;47,96;52,57;182,91;…;…;…;…;62,77;…;0,15;0,17;1,09;0,38;…;2,58;0,11;0,15;0,04;1204,47;…;40,05;…;168,53;…;0,68;…;0,38;11,50;60,50;37,50;35,50;24,00;552,99;8,77;1241,95;240,49;3126,88;2074,50;262,89;38,93;117,21;2,14;;;;;;;;;;;;;;;;;
1969;1,27;1,27;1,27;…;…;…;0,17;0,45;…;…;0,90;0,88;0,73;0,73;0,60;0,86;0,72;361,27;…;…;331,53;181,11;…;106,75;197,17;94,67;25,57;52,29;53,76;168,37;…;…;…;…;58,39;…;0,16;0,17;1,22;0,40;…;2,87;0,11;0,16;0,07;1112,38;…;38,89;…;165,91;…;0,63;…;0,50;11,25;58,00;39,25;26,60;22,00;588,45;9,84;1467,34;289,89;3427,45;2363,40;286,41;41,08;124,19;1,79;;;;;;;;;;;;;;;;;
1970;1,21;1,21;1,21;…;7,80;…;0,17;0,45;…;…;0,68;1,15;0,91;0,84;0,63;0,99;0,89;397,18;…;…;378,55;260,05;…;116,92;286,33;102,58;26,36;58,40;51,80;126,31;…;…;…;…;54,90;…;0,17;0,17;1,30;0,42;…;2,73;0,11;0,17;0,08;1075,98;42,99;43,13;175,00;175,41;…;0,68;…;0,41;11,00;54,00;42,50;18,25;31,50;614,17;9,84;1415,70;302,91;3673,45;2846,20;295,82;35,94;132,50;1,77;;;;;;;;;;;;;;;;;
1971;1,69;1,69;1,69;…;8,68;…;0,18;0,50;…;…;0,54;0,99;0,93;0,85;0,68;0,97;0,90;365,53;…;…;440,62;260,94;…;125,58;303,75;102,25;28,38;58,40;55,77;111,54;…;…;…;…;61,73;…;0,14;0,15;1,35;0,44;0,80;3,31;0,11;0,17;0,10;1042,65;44,43;43,27;…;175,72;…;0,78;…;0,33;11,25;61,75;43,25;16,00;32,50;627,95;10,33;1081,42;253,63;3511,97;2932,10;309,28;40,80;123,04;1,55;;;;;;;;;;;;;;;;;
1972;1,82;1,82;1,82;…;9,60;…;0,19;0,54;…;…;0,64;1,11;1,00;0,78;0,70;0,84;0,81;234,06;…;…;425,93;217,26;…;140,00;240,58;129,83;30,07;55,75;56,24;129,45;…;…;…;…;69,81;…;0,14;0,15;1,48;0,47;1,07;4,12;0,15;0,19;0,16;1073,64;52,48;41,12;…;170,93;…;0,83;…;0,33;11,50;91,00;67,50;29,25;33,50;590,10;10,33;1057,68;301,66;3739,96;3079,90;377,69;58,16;127,13;1,68;;;;;;;;;;;;;;;;;
1973;2,81;2,81;2,81;…;11,48;…;0,21;0,69;…;…;1,13;1,37;1,10;0,79;0,66;0,87;0,84;513,00;…;…;546,17;377,54;…;290,33;436,00;301,67;51,03;97,82;93,39;289,58;…;…;…;…;139,81;…;0,15;0,16;2,01;0,53;1,39;5,00;0,15;0,23;0,21;1128,02;133,47;68,03;…;223,53;…;1,39;…;0,68;13,75;118,75;99,50;64,75;42,50;599,11;10,33;1785,36;429,68;4802,20;3373,10;845,33;97,33;152,18;2,56;;;;;;;;;;;;;;;;;
1974;10,97;10,97;10,97;…;16,89;…;0,29;1,73;…;…;1,56;1,45;1,29;1,09;0,89;1,25;1,14;997,58;…;…;1076,89;669,05;…;276,92;832,17;184,33;64,93;131,23;120,94;517,17;…;…;…;…;179,71;…;0,18;0,18;1,58;0,56;1,42;4,65;0,23;0,65;0,65;1482,07;120,43;81,66;…;246,83;…;1,46;…;0,75;54,52;332,62;303,58;285,75;60,50;764,82;13,38;2058,50;592,26;8184,27;3825,25;1239,58;159,25;184,98;4,71;;;;;;;;;;;;;;;;;
1975;10,43;10,43;10,43;…;26,84;…;0,43;1,68;…;…;1,25;1,44;1,35;1,14;0,88;1,45;1,10;393,50;…;…;857,50;434,17;…;219,92;563,33;155,00;58,98;119,64;111,87;341,43;…;…;…;…;149,06;…;0,22;0,23;1,33;0,58;1,48;5,89;0,34;0,50;0,45;1841,99;126,57;67,51;…;223,44;…;1,22;…;0,56;67,17;242,50;202,50;168,00;81,33;868,44;17,30;1234,75;411,68;6876,58;4571,33;745,17;161,03;169,87;4,42;;;;;;;;;;;;;;;;;
1976;11,63;11,63;11,63;…;27,16;…;0,58;1,74;…;…;2,05;3,15;2,81;1,19;0,93;1,42;1,22;418,50;…;…;712,83;406,53;…;231,17;438,33;200,00;55,79;112,37;105,21;234,68;…;…;…;…;132,92;…;0,26;0,22;1,58;0,61;1,57;8,31;0,30;0,29;0,25;2186,72;142,34;92,02;…;263,55;…;1,75;…;0,77;35,83;119,92;90,92;82,00;55,50;889,93;22,72;1400,75;446,42;7585,54;4973,08;711,42;124,82;159,65;4,36;;;;;;;;;;;;;;;;;
1977;12,57;12,57;12,57;…;28,68;…;0,79;1,79;2,77;19,99;3,79;5,17;4,93;1,95;1,70;2,07;2,10;578,17;…;…;852,75;530,03;…;280,17;580,25;229,83;47,89;95,35;88,37;252,23;…;…;…;…;103,22;…;0,27;0,25;1,51;0,65;1,70;7,91;0,31;0,24;0,18;2253,93;158,77;92,57;…;264,98;…;1,63;…;0,81;61,79;134,08;97,92;120,76;55,29;1143,83;23,06;1308,75;618,00;10804,45;5118,17;589,67;147,72;158,32;4,64;;;;;;;;;;;;;;;;;
1978;12,92;12,92;12,92;…;29,06;…;0,91;2,30;3,04;24,00;3,40;3,59;3,25;1,41;0,75;1,87;1,61;683,21;…;…;1079,17;600,33;…;268,33;607,00;213,29;54,96;100,74;93,84;345,66;…;…;…;…;127,75;…;0,29;0,30;2,14;0,70;2,19;8,07;0,35;0,31;0,17;2268,02;191,28;97,36;…;272,28;…;1,61;…;0,99;31,28;139,83;98,04;136,04;59,01;1324,92;21,45;1364,83;661,92;12875,21;4609,25;593,92;193,24;260,65;5,42;;;;;;;;;;;;;;;;;
1979;30,96;32,11;29,82;…;30,89;…;1,18;3,26;3,69;32,33;3,29;3,83;3,65;1,51;0,78;2,10;1,63;984,50;…;394,88;888,67;653,83;…;297,75;662,18;243,03;65,25;115,52;108,11;313,07;…;…;…;156,31;160,29;…;0,33;0,40;2,88;0,74;2,37;11,97;0,43;0,34;0,21;2344,43;211,53;170,04;…;365,93;262,50;1,71;…;1,26;35,48;193,33;146,23;153,00;76,47;1602,87;23,50;1985,26;1208,25;15447,41;5986,00;741,67;306,67;442,80;11,10;;;;;;;;;;;;;;;;;
1980;36,87;37,89;35,85;…;40,14;…;1,59;4,22;5,70;43,22;2,60;3,47;3,24;1,66;1,11;2,05;1,82;673,83;1236,58;504,43;858,75;583,69;…;296,23;597,61;262,42;78,23;125,26;128,86;410,74;…;…;…;168,30;172,73;…;0,38;0,40;2,76;0,76;2,88;10,14;0,49;0,66;0,63;2275,86;251,69;195,51;396,00;396,20;273,78;2,06;…;1,42;44,67;222,21;180,25;200,56;106,50;1774,91;28,09;2182,09;905,75;16774,88;6518,68;761,22;607,86;679,10;20,80;;;;;;;;;;;;;;;;;
1981;35,48;36,68;34,29;…;53,62;…;1,98;4,60;6,03;50,04;2,08;2,87;2,24;1,47;0,97;1,81;1,62;569,92;1257,42;467,48;1042,75;570,67;…;288,42;506,85;252,58;79,73;130,78;126,37;458,99;…;…;…;154,59;174,96;…;0,40;0,41;2,47;0,77;2,74;10,16;0,42;0,43;0,37;2321,69;212,79;154,56;…;349,41;244,69;1,87;…;1,12;48,96;177,63;161,33;182,50;110,17;1262,73;28,09;1741,95;726,73;14159,13;5953,08;845,65;459,75;447,48;10,52;;;;;;;;;;;;;;;;;
1982;32,65;33,42;31,76;32,77;54,77;…;2,47;4,45;6,05;55,19;1,74;3,09;2,42;1,54;1,14;1,85;1,64;464,42;827,50;352,92;584,92;445,08;…;244,60;447,25;218,53;63,71;109,26;108,53;272,48;…;…;…;132,55;160,36;…;0,37;0,38;2,39;0,76;2,38;13,28;0,40;0,44;0,19;2563,96;175,92;146,45;…;339,38;232,45;1,60;…;0,86;42,96;166,63;138,42;123,96;83,25;991,57;32,50;1480,44;545,60;12825,80;4837,49;744,78;375,80;328,29;7,93;;;;;;;;;;;;;;;;;
1983;29,66;29,83;28,73;30,41;38,19;…;2,59;4,05;5,55;54,49;2,12;2,91;2,73;2,10;1,86;2,52;1,91;729,88;965,33;452,58;710,92;501,43;…;281,59;526,88;237,83;70,89;136,02;128,76;256,80;…;…;…;137,30;157,42;…;0,43;0,37;2,44;0,77;1,93;13,21;0,39;0,49;0,19;2656,55;160,77;137,71;…;328,14;229,81;1,85;…;1,06;39,80;169,08;134,67;114,54;74,42;1438,43;29,00;1591,93;425,34;12987,97;4672,80;764,33;422,53;423,31;11,43;;;;;;;;;;;;;;;;;
1984;28,56;28,80;27,49;29,38;30,96;32,87;2,66;3,76;5,24;53,66;2,40;3,19;3,04;2,74;2,50;2,91;2,81;1154,58;836,58;373,17;1016,67;728,83;…;282,08;724,00;197,17;78,72;135,94;118,19;232,50;…;…;…;140,23;152,33;…;0,37;0,35;2,27;0,87;1,92;11,74;0,36;0,48;0,11;2786,32;175,64;156,76;…;351,64;226,98;1,78;…;0,96;33,07;175,63;131,25;150,17;84,13;1251,33;26,15;1377,32;442,61;12233,49;4752,21;921,93;360,48;357,81;8,14;;;;;;;;;;;;;;;;;
1985;27,18;27,33;26,46;27,76;33,75;34,92;2,51;3,65;5,23;51,39;2,25;3,23;2,65;1,75;1,46;2,20;1,59;590,17;675,75;280,08;904,92;500,58;…;224,42;572,00;157,17;58,82;112,23;103,01;196,93;…;…;…;128,66;135,83;…;0,38;0,40;2,15;0,84;1,84;10,49;0,35;0,45;0,09;2611,82;173,88;121,73;307,00;307,13;210,88;1,32;…;0,76;36,00;157,17;121,38;111,63;83,21;1040,73;26,56;1417,38;390,86;11539,04;4899,04;783,44;317,91;292,50;6,12;;;;;;;;;;;;;;;;;
1986;14,35;14,77;13,20;15,08;31,13;30,37;1,94;3,65;4,10;43,63;2,07;4,29;3,24;1,66;1,11;2,16;1,71;296,50;993,58;320,58;569,42;257,00;…;208,42;342,42;184,75;47,56;87,56;82,41;186,25;104,12;104,25;…;118,39;114,92;…;0,38;0,39;2,09;0,93;2,15;12,89;0,41;0,46;0,13;2659,18;221,64;138,58;…;329,34;273,72;1,06;…;0,81;36,00;138,17;121,17;70,75;72,96;1149,94;26,26;1373,78;406,08;6161,37;3881,24;754,03;367,69;465,04;5,44;;;;;;;;;;;;;;;;;
1987;18,15;18,34;16,94;19,16;27,50;26,50;1,66;2,59;3,35;34,77;1,99;2,50;2,25;1,65;1,35;2,29;1,31;442,25;758,50;383,42;499,75;342,58;…;215,75;334,25;203,25;55,00;75,70;72,76;214,61;191,00;153,92;…;112,10;112,90;…;0,39;0,46;2,39;0,91;2,16;11,44;0,47;0,48;0,15;2745,55;258,92;201,77;…;401,30;399,41;1,65;…;0,98;34,15;160,00;138,00;82,50;67,29;1565,36;25,30;1782,50;596,84;6664,83;4872,22;798,79;446,47;555,72;7,01;;;;;;;;;;;;;;;;;
1988;14,72;14,97;13,22;15,97;34,88;28,10;1,68;2,36;3,34;33,90;1,58;3,03;2,08;1,58;1,36;2,01;1,36;564,83;935,75;544,42;590,33;437,17;…;303,50;463,42;267,50;70,33;106,89;98,46;277,47;…;219,75;…;140,72;145,20;…;0,48;0,45;2,52;1,00;2,41;12,44;0,53;0,49;0,22;2467,90;271,32;200,86;…;402,33;358,84;1,40;…;1,18;31,60;180,17;158,38;113,54;86,83;2550,46;24,30;2601,67;656,23;7051,63;13778,32;1241,51;437,05;530,34;6,53;;;;;;;;;;;;;;;;;
1989;17,84;18,22;15,70;19,60;38,00;31,00;1,70;2,09;3,28;32,76;1,24;2,39;1,66;1,82;1,53;2,43;1,52;516,83;817,50;408,42;774,75;350,42;…;275,00;431,50;247,58;75,14;111,52;105,94;299,16;…;218,58;…;161,26;169,24;…;0,55;0,45;2,57;1,10;2,32;11,16;0,50;0,50;0,28;3167,57;273,76;190,59;…;485,28;350,32;1,67;…;0,97;31,00;155,29;144,00;102,96;98,33;1951,26;27,83;2848,41;673,48;8534,43;13308,18;1658,77;381,43;509,64;5,51;;;;;;;;;;;;;;;;;
1990;22,88;23,68;20,46;24,49;39,67;32,88;1,70;2,82;3,64;36,50;1,27;1,97;1,18;2,06;1,88;2,81;1,49;336,50;1325,50;412,17;963,67;289,75;…;246,75;447,33;200,17;79,93;109,28;103,94;270,85;…;156,17;…;129,09;135,52;…;0,54;0,53;2,56;1,08;2,66;10,79;0,58;0,51;0,28;3392,19;343,46;177,19;533,00;533,08;354,87;1,82;…;0,86;31,29;154,68;131,82;115,65;94,63;1639,45;32,50;2661,48;810,54;6085,38;8864,10;1513,46;383,47;471,59;4,83;;;;;;;;;;;;;;;;;
1991;19,37;20,07;16,56;21,48;39,67;31,50;1,49;3,11;3,99;35,56;1,20;1,87;1,07;1,67;1,43;2,16;1,43;433,00;1237,83;477,83;894,83;339,00;…;239,58;453,83;197,08;78,29;107,42;105,11;293,28;239,50;179,17;…;126,11;128,67;…;0,56;0,52;2,66;1,06;2,33;11,54;0,61;0,48;0,20;3500,07;316,05;191,48;…;552,52;372,38;1,68;…;0,83;31,50;158,25;133,12;138,40;106,43;1302,19;34,76;2338,78;557,62;5595,04;8155,62;1116,99;362,18;375,82;4,05;;;;;;;;;;;;;;;;;
1992;19,02;19,31;17,19;20,56;38,56;28,83;1,77;2,56;3,60;36,11;1,10;1,41;0,94;1,60;1,44;1,69;1,68;577,58;799,13;481,50;609,92;393,50;…;235,50;428,92;204,42;78,68;104,25;102,75;268,22;228,33;177,92;…;145,14;151,20;…;0,47;0,49;2,45;1,06;2,65;10,95;0,63;0,47;0,20;3439,54;331,28;209,51;…;607,22;380,76;1,28;…;0,86;31,50;137,87;120,74;117,60;111,76;1254,28;33,10;2281,16;541,37;6101,03;7001,23;1239,78;343,73;359,69;3,95;;;;;;;;;;;;;;;;;
1993;16,84;17,02;14,94;18,56;31,33;26,96;2,12;2,67;3,51;40,83;1,12;1,56;1,16;1,61;1,44;1,84;1,56;450,25;1092,15;364,75;739,08;377,75;…;255,08;480,42;208,17;71,38;102,09;99,03;235,41;202,42;157,58;…;134,77;140,24;…;0,44;0,43;2,62;1,21;2,91;11,39;0,62;0,48;0,22;2695,34;310,32;389,81;…;758,25;661,43;1,28;…;0,83;31,50;122,00;111,94;85,54;112,54;1139,05;29,09;1913,08;406,36;5161,14;5293,42;961,98;359,77;374,03;4,31;;;;;;;;;;;;;;;;;
1994;15,89;15,83;14,67;17,16;32,30;28,56;1,92;2,44;3,18;37,09;1,40;3,31;2,62;1,49;1,33;1,57;1,57;607,50;954,80;376,33;1022,75;528,42;…;251,83;615,58;192,42;72,65;107,55;103,87;267,59;229,92;182,30;…;138,56;149,73;…;0,44;0,41;2,33;1,22;2,98;13,08;0,62;0,49;0,27;2641,66;330,26;307,55;…;821,04;601,16;1,76;…;1,13;31,83;160,42;132,11;93,89;112,50;1476,78;26,47;2307,42;547,77;5463,85;6339,82;997,73;384,01;405,26;5,28;;;;;;;;;;;;;;;;;
1995;17,18;17,07;16,12;18,37;39,37;35,23;1,72;2,73;3,45;36,22;1,43;3,33;2,77;1,49;1,42;1,74;1,30;669,58;909,92;495,00;990,92;628,25;…;259,25;625,08;196,92;104,01;123,49;118,97;320,96;297,67;262,87;…;167,36;176,98;…;0,45;0,53;1,87;1,22;2,62;13,54;0,69;0,51;0,29;2643,44;339,51;255,62;596,13;739,95;584,44;2,13;…;1,58;32,67;199,77;149,63;126,86;112,50;1805,66;28,38;2935,61;630,95;6213,81;8228,04;1031,12;384,16;424,34;5,20;;;;;;;;;;;;;;;;;
1996;20,42;20,65;18,54;22,07;38,07;33,52;2,73;2,84;3,67;49,21;1,46;2,69;1,81;1,66;1,89;1,67;1,42;751,58;962,00;586,00;897,25;530,92;728,00;304,83;551,50;267,50;119,67;165,81;150,03;338,88;286,08;232,70;…;187,42;207,60;…;0,47;0,49;1,75;1,37;3,29;13,12;0,68;0,49;0,26;3055,37;284,32;252,10;512,41;741,35;529,53;1,77;…;1,39;33,03;198,10;175,83;153,69;112,50;1505,66;30,00;2294,86;774,33;6165,08;7500,82;1025,14;387,70;397,11;5,20;;;;;;;;;;;;;;;;;
1997;19,17;19,09;18,10;20,33;35,10;31,35;2,48;2,74;3,91;45,80;1,62;4,17;1,74;2,06;2,02;2,14;2,02;656,83;988,42;606,25;1010,42;545,83;651,83;295,42;564,75;275,75;97,24;117,09;109,62;303,51;257,08;210,38;…;143,65;159,48;0,97;0,52;0,46;1,85;1,34;3,39;14,76;0,63;0,48;0,25;3531,55;284,75;238,25;563,58;664,53;484,96;1,75;…;1,02;32,50;186,99;171,91;117,49;112,50;1599,33;30,15;2276,77;624,18;5646,77;6927,39;1316,13;331,10;394,92;4,91;;;;;;;;;;;;;;;;;
1998;13,06;12,72;12,13;14,35;29,23;26,84;2,09;2,42;3,02;38,87;1,68;2,98;1,82;2,05;2,07;2,16;1,90;657,92;988,75;661,92;909,42;671,08;686,67;243,25;625,92;170,33;85,05;101,99;98,04;304,16;259,86;213,02;…;111,52;126,13;1,00;0,49;0,44;1,72;1,39;2,75;14,24;0,60;0,49;0,20;3336,12;286,40;162,43;526,33;484,15;376,05;1,44;…;0,72;32,50;186,86;173,05;83,22;112,50;1357,47;31,00;1654,06;528,64;5540,33;4629,52;1024,47;294,16;372,28;5,55;;;;;;;;;;;;;;;;;
1999;18,07;17,81;17,17;19,24;25,89;24,27;2,27;2,13;3,14;39,78;1,14;2,29;1,49;1,84;1,65;2,07;1,80;737,08;863,63;407,88;832,84;436,00;694,08;201,67;426,47;165,17;75,94;90,22;84,39;248,42;216,29;192,62;…;96,28;112,04;0,85;0,37;0,44;1,81;1,32;2,61;12,35;0,59;0,47;0,14;3041,18;269,27;187,11;455,17;600,82;440,55;1,17;0,59;0,63;42,80;171,10;154,49;65,94;112,50;1361,09;27,59;1572,86;502,62;5403,62;6011,23;1076,34;278,77;376,95;5,22;;;;;;;;;;;;;;;;;
2000;28,23;28,27;26,08;30,33;26,25;26,57;4,31;3,86;4,71;73,85;0,91;1,92;0,91;1,88;1,79;1,81;2,03;450,33;870,68;407,88;756,76;310,25;443,50;211,83;338,14;203,70;77,23;88,53;88,00;202,40;172,81;143,47;…;98,91;114,09;0,71;0,42;0,36;1,93;1,31;2,62;14,02;0,56;0,43;0,18;2976,21;275,43;189,95;489,05;594,70;448,24;1,30;0,63;0,67;44,00;147,67;137,71;100,92;112,50;1549,14;28,79;1813,47;453,94;5435,71;8637,74;1128,13;279,03;544,63;4,95;;;;;;;;;;;;;;;;;
2001;24,35;24,42;22,71;25,92;32,31;33,86;3,96;4,06;4,63;70,47;1,07;1,37;0,61;1,60;1,62;1,66;1,52;318,08;866,42;465,32;759,23;287,46;305,30;195,83;353,24;204,63;93,94;89,64;95,23;172,84;153,06;134,11;…;107,72;126,81;0,78;0,58;0,60;2,11;1,40;2,91;13,68;0,53;0,47;0,19;3004,62;266,05;159,05;471,93;481,35;409,81;1,06;0,52;0,58;44,00;143,51;126,88;96,45;112,50;1443,63;30,03;1578,29;476,16;4484,44;5944,73;885,77;270,99;529,53;4,38;;;;;;;;;;;;;;;;;
2002;24,93;24,97;23,72;26,09;25,31;26,02;3,36;3,05;4,28;58,15;1,78;1,36;0,66;1,51;1,56;1,46;1,49;421,00;723,35;638,83;719,43;410,90;412,51;212,67;461,71;195,70;108,97;99,27;101,74;191,87;174,98;150,18;…;129,96;148,08;0,76;0,53;0,56;2,11;1,39;3,30;10,39;0,55;0,46;0,15;2744,47;236,03;163,41;486,34;526,81;402,73;1,02;0,75;0,76;44,00;152,19;133,06;94,42;112,50;1349,92;29,31;1559,48;452,68;4060,50;6771,75;778,75;309,97;539,51;4,60;;;;;;;;;;;;;;;;;
2003;28,90;28,85;26,74;31,11;26,09;30,24;5,49;3,91;4,73;88,47;1,75;1,42;0,81;1,52;1,54;1,47;1,54;467,33;997,19;640,34;1209,45;476,70;457,04;264,00;558,59;232,64;104,74;105,37;106,53;197,62;181,72;151,47;…;138,58;146,14;0,79;0,37;0,68;2,13;1,46;3,88;10,78;0,60;0,47;0,16;2646,10;279,49;187,16;551,63;550,99;431,88;1,40;1,00;1,08;44,00;171,67;149,33;138,19;112,50;1431,29;31,95;1779,14;515,03;4894,90;9629,47;827,70;363,51;691,71;4,88;;;;;;;;;;;;;;;;;
2004;37,73;38,30;33,46;41,44;52,95;54,68;5,89;4,28;5,13;95,39;1,55;1,77;0,79;1,69;1,78;1,72;1,55;660,75;988,14;648,58;1291,63;499,28;657,45;306,50;618,23;259,89;98,99;111,80;109,78;237,67;225,43;205,14;226,32;144,44;156,88;0,89;0,52;0,86;2,67;1,67;4,60;10,12;0,67;0,45;0,16;2740,22;331,30;197,26;586,40;581,29;464,82;1,37;1,21;1,28;44,00;204,74;186,31;174,91;125,55;1715,54;37,90;2865,88;886,55;8512,73;13823,24;1047,75;409,21;845,35;6,66;;;;;;;;;;;;;;;;;
2005;53,39;54,43;49,29;56,44;47,62;46,20;8,92;6,33;5,99;142,40;1,54;2,53;1,11;1,65;1,84;1,62;1,48;616,98;874,22;676,59;1170,98;450,56;630,82;274,69;544,59;236,76;95,08;98,67;96,22;286,27;265,38;217,82;…;135,72;152,35;1,17;0,60;0,87;2,73;1,63;4,44;9,71;0,67;0,47;0,22;2789,65;334,37;203,12;559,14;659,38;508,61;1,22;1,39;1,49;44,00;226,79;201,48;217,35;155,00;1898,31;65,00;3678,88;976,37;7379,83;14743,96;1381,31;444,84;896,53;7,31;;;;;;;;;;;;;;;;;
2006;64,29;65,39;61,43;66,04;49,09;50,69;6,72;8,47;7,08;126,66;1,59;2,52;1,49;1,87;1,91;1,75;1,95;606,91;875,26;755,35;1019,48;508,30;578,57;268,65;599,34;227,36;116,62;121,85;122,94;304,88;277,12;219,51;…;158,97;192,04;0,90;0,68;0,83;2,65;1,53;4,04;9,60;0,65;0,49;0,33;2969,20;318,48;239,43;622,87;749,34;595,56;1,27;1,95;2,08;44,00;229,87;201,63;222,14;178,33;2569,90;69,33;6722,13;1289,72;8780,83;24254,41;3275,29;604,34;1140,78;11,56;;;;;;;;;;;;;;;;;
2007;71,12;72,70;68,37;72,28;65,73;62,65;6,98;8,56;7,68;130,66;1,95;2,72;1,91;2,04;2,52;1,92;1,66;918,88;1247,55;1166,49;1375,14;816,69;888,41;383,10;886,06;321,94;172,38;163,66;162,69;326,43;306,50;272,32;…;238,59;255,21;1,04;0,68;0,96;2,70;1,72;4,12;9,68;0,68;0,46;0,22;3315,06;381,32;267,98;759,84;806,30;640,72;1,40;2,16;2,26;52,02;391,96;339,05;307,11;195,42;2638,18;122,99;7118,23;2579,99;14536,83;37229,81;3242,36;696,72;1304,94;13,39;;;;;;;;;;;;;;;;;
2008;96,99;97,64;93,78;99,56;127,10;120,60;8,86;13,41;12,53;179,78;2,58;3,08;2,32;2,42;2,79;2,25;2,22;1224,00;1600,99;1203,53;2144,74;1042,92;1124,88;521,87;1260,81;442,14;200,52;223,12;207,83;650,19;…;482,28;…;271,52;326,03;1,19;0,84;1,11;3,24;1,87;4,59;10,51;0,70;0,47;0,28;3588,74;526,89;292,30;958,28;889,09;645,45;1,57;2,53;2,59;242,74;861,62;879,38;514,98;455,97;2572,79;155,99;6955,88;2090,66;18510,09;21110,64;1874,71;871,71;1574,50;15,00;;;;;;;;;;;;;;;;;
2009;61,76;61,86;61,75;61,65;71,84;64,68;3,95;8,71;8,94;95,43;2,89;3,17;1,64;2,72;3,14;2,52;2,52;725,38;1130,02;1191,10;1352,60;741,15;699,02;423,62;853,07;423,58;128,32;165,51;151,05;554,99;458,07;326,36;…;185,95;224,07;1,14;0,85;0,91;2,73;1,89;4,28;8,92;0,52;0,55;0,40;4235,20;421,47;287,20;748,92;805,52;564,62;1,38;1,80;1,92;222,75;288,47;257,42;251,08;558,48;1664,83;79,98;5149,74;1719,27;13573,88;14654,63;1655,11;972,97;1203,40;14,64;;;;;;;;;;;;;;;;;
2010;79,04;79,64;78,06;79,43;98,97;91,62;4,39;8,29;10,85;100,00;3,13;4,32;1,74;2,88;3,29;2,81;2,56;1123,58;1240,66;1138,96;1400,99;933,02;1187,41;447,10;1000,86;398,35;158,39;185,91;165,40;488,91;441,51;383,66;429,19;229,68;223,58;1,00;0,87;1,03;3,42;1,89;5,95;10,64;0,44;0,79;0,47;4333,23;428,56;278,17;812,69;848,27;569,09;2,28;3,38;3,65;105,31;456,43;381,89;288,90;332,15;2173,12;145,86;7534,78;2148,45;20405,62;21808,85;2160,74;1224,66;1609,75;20,15;;;;;;;;;;;;;;;;;
2011;104,01;110,94;106,03;95,05;121,45;116,30;4,00;10,52;14,66;108,47;2,98;5,98;2,41;2,92;3,26;2,78;2,72;1730,08;1883,83;1442,06;1866,09;1193,37;1653,65;537,52;1297,66;408,67;207,20;291,68;268,75;543,03;506,04;458,56;513,64;285,91;316,26;1,12;0,97;0,89;4,08;1,93;9,53;12,11;0,45;0,84;0,57;4485,05;484,81;390,51;825,75;939,45;607,54;3,33;4,52;4,82;163,55;516,29;538,26;398,92;392,82;2401,39;167,75;8828,19;2400,81;26053,68;22910,36;2193,90;1569,21;1719,48;35,22;;;;;;;;;;;;;;;;;
2012;105,01;111,97;108,90;94,16;96,36;92,92;2,75;11,47;16,55;99,18;2,39;4,11;2,27;2,90;3,06;2,75;2,88;1110,83;2442,81;1527,77;2359,06;1043,40;1107,38;595,51;1225,60;531,70;240,28;298,42;271,93;562,98;543,80;525,07;434,44;295,37;313,24;1,10;0,98;0,87;4,21;2,08;8,55;11,46;0,42;0,64;0,47;4302,35;451,39;360,51;759,32;876,34;610,34;1,97;3,16;3,38;184,93;480,24;462,00;398,60;465,38;2023,28;128,50;7962,35;2064,64;21125,99;17547,55;1950,41;1669,52;1550,84;31,14;;;;;;;;;;;;;;;;;
2013;104,08;108,86;105,43;97,94;84,56;80,24;3,72;11,79;15,96;112,06;2,44;3,08;2,08;2,86;3,45;2,73;2,40;939,47;1514,30;1750,82;1820,62;870,73;896,92;551,39;1055,39;543,46;203,01;259,39;243,28;505,89;472,96;473,99;392,40;276,73;312,25;1,02;0,92;0,97;4,13;2,17;6,93;14,17;0,43;0,45;0,39;4588,82;463,53;305,43;749,17;852,80;560,23;1,99;2,52;2,79;126,32;410,97;380,75;339,61;395,00;1846,67;135,36;7332,10;2139,79;22282,80;15031,80;1910,26;1411,46;1486,55;23,85;;;;;;;;;;;;;;;;;
2014;96,24;98,94;96,66;93,11;70,13;72,34;4,37;10,05;16,04;111,71;3,06;4,42;2,22;2,72;3,54;2,58;2,05;1281,12;1258,32;1680,65;1394,99;837,47;1119,69;484,86;905,97;522,47;145,90;192,88;210,39;422,83;382,17;425,15;407,21;245,21;284,89;1,04;0,93;0,78;5,05;2,32;7,99;17,79;0,43;0,53;0,37;4990,77;465,17;282,04;789,45;897,94;517,33;1,83;1,71;1,95;110,46;429,59;382,00;308,44;296,63;1867,42;96,95;6863,40;2095,46;21898,87;16893,38;2160,97;1265,58;1383,57;19,07;;;;;;;;;;;;;;;;;
2015;50,75;52,37;51,18;48,71;58,94;56,71;2,61;6,82;10,93;71,58;3,14;3,53;1,94;2,78;2,98;2,39;2,96;1103,51;1304,87;1554,19;1377,96;663,39;903,35;392,12;755,63;389,46;121,33;169,75;201,63;386,00;372,58;386,03;351,84;206,38;204,45;0,90;0,96;0,68;4,56;1,99;7,50;13,22;0,36;0,55;0,30;4908,30;388,58;246,02;732,58;833,25;451,25;1,55;1,37;1,57;120,31;416,62;377,60;277,94;296,06;1664,68;55,85;5510,46;1787,82;16066,63;11862,64;1931,68;1160,66;1053,20;15,72;;;;;;;;;;;;;;;;;
2016;42,81;44,05;41,20;43,19;66,12;63,95;2,49;4,56;7,37;56,95;2,89;3,61;1,95;2,68;3,30;2,33;2,42;1481,78;1392,86;1490,64;1380,63;735,70;1301,32;405,45;814,99;374,66;103,92;159,16;155,59;396,17;385,33;380,34;356,10;176,30;166,63;0,91;1,00;0,89;4,06;1,85;7,31;11,22;0,36;0,61;0,40;4790,50;387,41;274,38;649,61;738,88;503,27;1,64;1,38;1,61;110,46;315,81;290,27;194,13;260,33;1604,18;58,42;4867,90;1866,65;17933,76;9595,18;2089,98;1248,99;987,09;17,15;;;;;;;;;;;;;;;;;
2017;52,81;54,39;53,12;50,91;88,52;85,15;2,96;5,72;8,61;68,97;2,03;3,32;2,23;3,15;4,05;2,42;2,97;1650,65;1486,68;1366,97;1460,79;750,81;1288,46;393,38;850,40;350,24;97,64;154,53;163,02;398,92;384,67;379,90;363,25;178,18;174,20;0,90;1,08;0,81;4,39;2,12;8,25;13,32;0,37;0,62;0,35;4627,36;395,22;265,43;617,28;702,11;486,86;1,84;1,67;2,00;89,69;323,03;283,20;213,88;218,23;1967,65;71,76;6169,94;2314,67;20061,17;10409,64;2890,87;1257,56;948,45;17,07;;;;;;;;;;;;;;;;;
2018;68,35;71,07;69,15;64,82;107,02;97,64;3,16;7,68;10,67;82,12;2,29;2,93;1,87;2,85;3,61;2,36;2,58;996,77;1319,87;1525,10;1446,05;638,66;926,48;394,42;789,12;405,23;125,89;164,41;168,59;420,67;408,08;401,07;406,14;203,89;209,93;0,95;1,15;0,79;4,20;2,24;7,85;12,24;0,39;0,56;0,28;4865,96;413,55;269,70;639,99;727,94;494,70;2,01;1,37;1,57;87,90;393,43;346,74;249,45;215,50;2108,48;69,75;6529,80;2240,44;20145,21;13114,06;2922,38;1269,23;879,55;15,71;;;;;;;;;;;;;;;;;
2019;61,41;64,03;63,18;57,01;77,89;71,94;2,57;4,80;10,56;61,15;2,34;2,88;1,62;2,56;3,10;2,38;2,21;735,65;1337,81;1447,99;1407,37;601,37;665,39;368,95;765,44;347,02;128,07;170,07;161,51;418,00;410,42;393,49;351,88;211,28;201,69;0,88;1,14;0,56;4,76;2,00;8,10;12,60;0,37;0,58;0,28;4579,36;391,92;273,10;611,81;695,89;500,93;1,72;1,41;1,64;87,96;306,36;294,55;245,28;255,50;1794,49;93,85;6010,15;1996,51;18661,16;13913,91;2550,41;1392,50;863,99;16,22;;;;;;;;;;;;;;;;;
2020;41,26;42,30;42,17;39,31;60,79;65,66;2,01;3,24;8,31;45,51;2,37;3,32;1,52;2,70;3,40;2,69;2,01;1010,40;1838,67;1432,70;1697,81;751,77;824,07;406,64;837,76;394,18;97,60;165,47;171,57;496,75;481,83;474,62;427,96;227,74;231,57;0,90;1,22;0,60;4,67;1,63;6,36;12,67;0,37;0,59;0,28;4336,28;399,46;278,94;615,17;699,71;511,63;1,59;1,33;1,73;76,05;312,42;265,04;229,10;241,07;1703,99;108,92;6173,77;1824,88;17124,60;13787,26;2266,45;1770,25;883,39;20,54;;;;;;;;;;;;;;;;;
2021;69,07;70,44;68,81;67,96;138,05;119,84;3,85;16,12;10,76;130,67;2,43;4,51;1,98;2,69;3,13;2,83;2,11;1636,31;1555,04;1480,89;2075,09;1130,58;1533,08;583,32;1385,41;480,98;..;259,55;..;458,25;448,25;436,09;446,35;281,66;315,24;0,92;1,21;0,65;5,34;1,99;8,66;13,70;0,39;0,74;0,39;4154,74;414,22;271,35;659,34;749,95;497,72;2,23;1,68;2,07;123,21;600,96;538,19;483,21;542,81;2472,85;161,71;9317,05;2200,37;32384,15;18464,97;3002,52;1799,63;1091,13;25,16;;;;;;;;;;;;;;;;;
2022;97,10;99,82;97,05;94,43;344,89;240,56;6,37;40,34;18,43;281,59;2,39;5,63;2,29;3,05;3,87;2,83;2,45;1634,64;1568,12;1595,57;2202,55;1275,99;1616,73;675,40;1666,80;547,86;..;318,81;..;436,75;429,67;417,73;404,53;381,92;429,97;0,94;1,49;0,92;5,62;1,68;8,27;13,51;0,34;0,79;0,41;4269,86;368,94;227,99;593,02;674,51;418,19;2,86;1,54;1,81;266,16;772,16;716,05;700,02;863,42;2705,02;121,30;8822,37;2150,60;31335,41;25833,73;3481,38;1800,60;961,72;21,79;;;;;;;;;;;;;;;;;
2023;80,76;82,62;81,98;77,67;172,78;119,11;2,54;13,11;14,39;102,91;3,28;4,54;2,63;2,74;3,56;2,43;2,23;1075,19;1891,86;1814,89;2034,66;886,45;990,49;597,90;1118,50;541,42;..;252,66;..;553,67;532,92;536,17;523,68;257,74;340,43;1,09;1,60;1,57;4,90;1,53;6,12;10,19;0,35;0,89;0,52;5015,69;378,62;212,38;595,85;677,73;389,55;2,09;1,38;1,58;321,66;550,05;480,22;358,00;383,22;2255,74;120,57;8490,29;2135,80;25938,11;21521,12;2652,60;1942,67;966,36;23,40;;;;;;;;;;;;;;;;;
2024;78,73;80,70;79,66;75,84;136,15;105,77;2,19;10,96;12,84;87,42;7,33;5,62;4,41;3,04;4,13;2,81;2,18;1518,66;1764,84;1699,08;1795,52;963,36;1411,73;462,49;1021,95;442,29;..;190,60;..;588,42;559,08;572,70;557,47;230,88;268,67;1,07;1,23;2,26;5,93;1,46;5,35;..;0,35;0,84;0,45;5899,35;378,68;196,75;612,39;696,54;360,88;1,91;1,75;2,28;152,50;563,67;474,56;338,27;295,11;2419,02;109,40;9142,14;2069,45;30066,27;16813,96;2775,84;2387,70;955,17;28,27;;;;;;;;;;;;;;;;;
